objectID,sourceMuseum,sourceObjectID,title,objectName,department,culture,period,objectDate,medium,creditLine,accessionYear,excavation,productionPlace,findspot,primaryImage,objectURL
bm:A_1830-0612-4,bm,A_1830-0612-4,Figure,figure,Asia,Buddhist,Buddhist,8thC (circa),bronze,From: Sir Robert Brownrigg,1830,Found/Acquired: Trincomalee (near),Made in: Sri Lanka,Found/Acquired: Trincomalee (near),http://media.britishmuseum.org/media/Repository/Documents/2014_10/1_6/68b2cd63_7ab2_4aa7_930a_a3b7006954bd/preview_00031550_001.jpg,https://www.britishmuseum.org/collection/object/A_1830-0612-4
bm:A_1859-1228-121,bm,A_1859-1228-121,Bell,bell,Asia,,,14thC (possibly),bronze,Donated by: Rev William Charles Raffles Flint,1859,Field Collection by: Sir Thomas Stamford Raffles — Found/Acquired: Kedu,Made in: Java,Found/Acquired: Kedu,http://media.britishmuseum.org/media/Repository/Documents/2017_3/27_16/82b8fd6a_76c7_42ca_9ac3_a74301118836/preview_1859_1228_121.jpg,https://www.britishmuseum.org/collection/object/A_1859-1228-121
bm:A_1880-0709-40,bm,A_1880-0709-40,Block,block,Asia,,,3rdC,limestone,Transferred from: India Museum,1880,"Excavated by: Sir Walter Elliot KCSI, FRS, LL.D (hon.) — Found/Acquired: Amaravati","Made in: Amaravati , Buddhist stupa",Found/Acquired: Amaravati,http://media.britishmuseum.org/media/Repository/Documents/2014_10/5_5/6cb672eb_0f39_450a_99f1_a3bb005968a9/preview_00303744_001.jpg,https://www.britishmuseum.org/collection/object/A_1880-0709-40
bm:A_1880-28,bm,A_1880-28,Reliquary,reliquary,Asia,Buddhist,Buddhist,1stC (late)-2ndC (found with coins of Kujula Kadphises (c. AD 40-90)),steatite,Transferred from: India Museum,1880,Excavated by: Charles Masson — Excavated/Findspot: Bimaran Stupa 5,Made in: Darunta,Excavated/Findspot: Bimaran Stupa 5,http://media.britishmuseum.org/media/Repository/Documents/2014_10/9_15/c5d550d9_7fd1_4986_b421_a3bf0100debc/preview_00523766_001.jpg,https://www.britishmuseum.org/collection/object/A_1880-28
bm:A_1880-3633,bm,A_1880-3633,Signet-Ring,signet-ring,Asia,Kushan (?),Kushan (?),3rdC-4thC (circa),copper alloy,Transferred from: India Museum,1880,Field Collection by: Charles Masson — Found/Acquired: Begram (?),Made in: Afghanistan,Found/Acquired: Begram (?),http://media.britishmuseum.org/media/Repository/Documents/2014_10/12_22/3df23174_6780_4712_8955_a3c20177006f/preview_00771673_001.jpg,https://www.britishmuseum.org/collection/object/A_1880-3633
bm:A_1890-0208-1,bm,A_1890-0208-1,Adze,adze,Asia,Neolithic (phase),Neolithic (phase),4500BC-500BC,schist,Purchased from: Henry Jammes (Price for the group £19 12s.),1890,Found/Acquired: Cambodia,Made in: Cambodia,Found/Acquired: Cambodia,http://media.britishmuseum.org/media/Repository/Documents/2014_11/4_18/adb9bba8_8396_4677_a684_a3d9012bfa87/preview_01183546_001.jpg,https://www.britishmuseum.org/collection/object/A_1890-0208-1
bm:A_1891-1215-1,bm,A_1891-1215-1,"Bottle (백자반구병
白磁盤口甁)","bottle (백자반구병
白磁盤口甁)",Asia,Joseon Dynasty,Joseon Dynasty,18thC-19thC,ceramic,"Donated by: Dr W G K Barnes, RN",1891,Found/Acquired: Korea,,Found/Acquired: Korea,,https://www.britishmuseum.org/collection/object/A_1891-1215-1
bm:A_1927-0613-1,bm,A_1927-0613-1,Altar-Piece,altar-piece,Asia,,,18thC-19thC,metal,Purchased from: Dr Walter Leo Hildburgh (price £50),1927,Found/Acquired: Nepal,,Found/Acquired: Nepal,,https://www.britishmuseum.org/collection/object/A_1927-0613-1
bm:A_1950-1211-2,bm,A_1950-1211-2,Architecture,architecture,Asia,Kushan,Kushan,2ndC-3rdC,schist,Donated by: Aubrey Turnbull,1950,Found/Acquired: Takht-i-Bahi,Made in: Gandhara (historic - Pakistan),Found/Acquired: Takht-i-Bahi,http://media.britishmuseum.org/media/Repository/Documents/2025_6/30_16/148b2e41_b4d7_43d5_b734_b30c010c31d7/preview_1950_1211_2_2.jpg,https://www.britishmuseum.org/collection/object/A_1950-1211-2
bm:A_1958-1112-1,bm,A_1958-1112-1,Axe,axe,Asia,Neolithic,Neolithic,4500BC-500BC (?),stone,Donated by: Christopher Pym,1958,Found/Acquired: Oc-eo,Made in: Vietnam (?),Found/Acquired: Oc-eo,http://media.britishmuseum.org/media/Repository/Documents/2024_6/16_6/6928f269_4e55_42a5_9697_b1910066ce20/preview_IMG_1307.jpg,https://www.britishmuseum.org/collection/object/A_1958-1112-1
bm:A_1959-1012-1,bm,A_1959-1012-1,Figure,figure,Asia,Saiva,Saiva,11thC-12thC,basalt,Purchased from: Rev M G Patterson,1959,Found/Acquired: Rajshahi (town),,Found/Acquired: Rajshahi (town),,https://www.britishmuseum.org/collection/object/A_1959-1012-1
bm:A_2004-0628-24,bm,A_2004-0628-24,Altar,altar,Asia,Ratnakosin period,Ratnakosin period,19thC (circa),wood,Donated by: Doris Duke Charitable Foundation,2004,,Made in: Thailand,,http://media.britishmuseum.org/media/Repository/Documents/2014_10/1_14/b72e5816_489d_4eaf_863e_a3b700e7f95e/preview_00071345_001.jpg,https://www.britishmuseum.org/collection/object/A_2004-0628-24
bm:A_As-3573_1,bm,A_As-3573_1,Book,book,Asia,Qianlong (reign),Qianlong (reign),1748,jade,Bequeathed by: Henry Christy,1865,Found/Acquired: Yuanmingyuan,Made in: China,Found/Acquired: Yuanmingyuan,http://media.britishmuseum.org/media/Repository/Documents/2014_10/5_4/845dcf2a_7a33_41e7_b58a_a3bb00475d55/preview_00298454_001.jpg,https://www.britishmuseum.org/collection/object/A_As-3573_1
bm:A_As1859-1228-195-l-m,bm,A_As1859-1228-195-l-m,Gong-Stand,gong-stand,Asia,,,1800 (about),wood,,,Field Collection by: Sir Thomas Stamford Raffles — Found/Acquired: Java,Made in: Java,Found/Acquired: Java,http://media.britishmuseum.org/media/Repository/Documents/2014_10/16_11/fb952c8d_7faf_4e15_ab3c_a3c600c2ce47/preview_01003837_001.jpg,https://www.britishmuseum.org/collection/object/A_As1859-1228-195-l-m
bm:A_As1903-1006-8,bm,A_As1903-1006-8,Cap,cap,Asia,,,,silk,Donated by: C W Campbell,1903,Found/Acquired: Mongolia (?),,Found/Acquired: Mongolia (?),http://media.britishmuseum.org/media/Repository/Documents/2014_10/6_8/ea2b7479_58b9_403b_9b51_a3bc0091a285/preview_00396461_001.jpg,https://www.britishmuseum.org/collection/object/A_As1903-1006-8
bm:A_As1905-0518-47,bm,A_As1905-0518-47,Robe,robe,Asia,Buddhist,Buddhist,1905 (circa),wool,,1905,Found/Acquired: Lhasa,Made in: Tibet,Found/Acquired: Lhasa,http://media.britishmuseum.org/media/Repository/Documents/2014_10/6_15/ba485a1a_8f72_44a5_b345_a3bc00f7c266/preview_00426839_001.jpg,https://www.britishmuseum.org/collection/object/A_As1905-0518-47
bm:A_As1909-0622-1,bm,A_As1909-0622-1,Head-Dress,head-dress,Asia,,,,bark,Purchased from: Marie Stopes (price for the group £15),1909,,Made in: Hokkaido,,http://media.britishmuseum.org/media/Repository/Documents/2014_10/9_10/b3b446e7_ed24_4bf0_a368_a3bf00af1246/preview_00503614_001.jpg,https://www.britishmuseum.org/collection/object/A_As1909-0622-1
bm:A_As1919-1230-3,bm,A_As1919-1230-3,Bag,bag,Asia,,,1850s-1910s,cotton,Donated by: L Lacy Langley,1919,Found/Acquired: Mandalay Region,Made in: Kachin State,Found/Acquired: Mandalay Region,http://media.britishmuseum.org/media/Repository/Documents/2014_10/8_17/19a55edd_4c54_4faf_b362_a3be01285e90/preview_00452716_001.jpg,https://www.britishmuseum.org/collection/object/A_As1919-1230-3
bm:A_As1924-0714-1,bm,A_As1924-0714-1,Figure,figure,Asia,Khmer,Khmer,13thC-14thC,sandstone,Purchased from: Henri Sambuc (price not recorded),1924,Found/Acquired: Angkor,Made in: Cambodia,Found/Acquired: Angkor,http://media.britishmuseum.org/media/Repository/Documents/2014_11/8_12/43211d2a_a028_46b0_b350_a3dd00c761a1/preview_01358628_001.jpg,https://www.britishmuseum.org/collection/object/A_As1924-0714-1
bm:C_1908-0110-4,bm,C_1908-0110-4,Coin,coin,Money and Medals,Roman Provincial,Roman Provincial,67-68 (year 2),silver,Purchased from: Leo Hamburger,1908,,Minted in: Jerusalem,,,https://www.britishmuseum.org/collection/object/C_1908-0110-4
bm:C_1953-0402-17,bm,C_1953-0402-17,Coin,coin,Money and Medals,Aksumite,Aksumite,,alloy,,1953,,Minted in: Aksum (town),,,https://www.britishmuseum.org/collection/object/C_1953-0402-17
bm:E_2018-Q-101,bm,E_2018-Q-101,Adze,adze,"Africa, Oceania and the Americas",,,19thC (before 1895),stone,Purchased from: Miss Gertrude Ellen Meinertzhagen (Probably),1895,Field Collection by: Frederick Huth Meinertzhagen — Found/Acquired: New Zealand,Made in: New Zealand,Found/Acquired: New Zealand,http://media.britishmuseum.org/media/Repository/Documents/2018_5/22_14/8aa5d35f_cbab_48a8_9542_a8e800f1fb48/preview_EOC31109_front.jpg,https://www.britishmuseum.org/collection/object/E_2018-Q-101
bm:E_Af-5913,bm,E_Af-5913,Adze,adze,"Africa, Oceania and the Americas",,,1888 (circa),iron,Donated by: Sir Augustus Wollaston Franks,1892,Found/Acquired: Atlas Mountains,Made in: Morocco,Found/Acquired: Atlas Mountains,http://media.britishmuseum.org/media/Repository/Documents/2019_1/18_11/f9a31655_d4ea_4ba5_b4d6_a9d900bdb512/preview_EAF14353.jpg,https://www.britishmuseum.org/collection/object/E_Af-5913
bm:E_Af1868-1001-4,bm,E_Af1868-1001-4,Necklace,necklace,"Africa, Oceania and the Americas",,,19thC,silver,,1868,Field Collection by: Sir Richard Rivington Holmes — Found/Acquired: Maqdala,Made in: Ethiopia,Found/Acquired: Maqdala,http://media.britishmuseum.org/media/Repository/Documents/2014_10/8_18/6394b5a1_1f6d_4892_aaf3_a3be012b3b55/preview_00453652_001.jpg,https://www.britishmuseum.org/collection/object/E_Af1868-1001-4
bm:E_Af1886-1126-2,bm,E_Af1886-1126-2,Armlet,armlet,"Africa, Oceania and the Americas",,,1886 (circa),elephant tissue,Purchased from: Thomas Joshua Alldridge,1886,"Found/Acquired: Sherbro, River",Made in: Sierra Leone,"Found/Acquired: Sherbro, River",http://media.britishmuseum.org/media/Repository/Documents/2014_10/9_18/4dd94f23_4ad4_4b95_a756_a3bf01341f56/preview_00537405_001.jpg,https://www.britishmuseum.org/collection/object/E_Af1886-1126-2
bm:E_Af1887-1211-51,bm,E_Af1887-1211-51,Arrow,arrow,"Africa, Oceania and the Americas",,,1887 (or soon before),iron,Donated by: Commander Charles Cross,1887,Found/Acquired: Zanzibar (island),Made in: Zanzibar (island) (probably),Found/Acquired: Zanzibar (island),http://media.britishmuseum.org/media/Repository/Documents/2014_11/11_13/c388368c_f25d_409a_88aa_a3e000de2625/preview_01591152_001.jpg,https://www.britishmuseum.org/collection/object/E_Af1887-1211-51
bm:E_Af1893-0804-88,bm,E_Af1893-0804-88,Anklet,anklet,"Africa, Oceania and the Americas",,,1889-1893 (circa),skin,Donated by: Sir Harry Johnston,1893,Found/Acquired: Angoniland,Made in: Malawi,Found/Acquired: Angoniland,http://media.britishmuseum.org/media/Repository/Documents/2014_11/10_23/c84bbaa1_637b_414e_9872_a3df017b7ff6/preview_01559939_001.jpg,https://www.britishmuseum.org/collection/object/E_Af1893-0804-88
bm:E_Af1898-0115-27,bm,E_Af1898-0115-27,Series: Benin Plaques,plaque,"Africa, Oceania and the Americas",,,16thC-17thC,brass,Donated by: Secretary of State for Foreign Affairs,1898,Found/Acquired: Benin City,Made in: Benin City,Found/Acquired: Benin City,http://media.britishmuseum.org/media/Repository/Documents/2019_5/21_12/db790062_2c20_438a_902e_aa5400d272c2/preview_EAF26485_F.jpg,https://www.britishmuseum.org/collection/object/E_Af1898-0115-27
bm:E_Af1898-0115-28,bm,E_Af1898-0115-28,Series: Benin Plaques,plaque,"Africa, Oceania and the Americas",,,16thC-17thC,brass,Donated by: Secretary of State for Foreign Affairs,1898,Found/Acquired: Benin City,Made in: Benin City,Found/Acquired: Benin City,http://media.britishmuseum.org/media/Repository/Documents/2019_6/7_12/dcca2f88_cc50_43d0_b382_aa6500d5f01d/preview_07_06_2019_13_25_03.jpg,https://www.britishmuseum.org/collection/object/E_Af1898-0115-28
bm:E_Af1898-0115-29,bm,E_Af1898-0115-29,Series: Benin Plaques,plaque,"Africa, Oceania and the Americas",,,16thC-17thC,brass,Donated by: Secretary of State for Foreign Affairs,1898,Found/Acquired: Benin City,Made in: Benin City,Found/Acquired: Benin City,http://media.britishmuseum.org/media/Repository/Documents/2014_10/8_15/8e01a78d_73ca_4641_9daf_a3be0105f79f/preview_00442551_001.jpg,https://www.britishmuseum.org/collection/object/E_Af1898-0115-29
bm:E_Af1898-0115-30,bm,E_Af1898-0115-30,Series: Benin Plaques,plaque,"Africa, Oceania and the Americas",,,16thC-17thC,brass,Donated by: Secretary of State for Foreign Affairs,1898,Found/Acquired: Benin City,Made in: Benin City,Found/Acquired: Benin City,http://media.britishmuseum.org/media/Repository/Documents/2019_6/12_8/7ae7cf4a_6720_4cb6_bbf8_aa6a008412a0/preview_EAF26488_F.jpg,https://www.britishmuseum.org/collection/object/E_Af1898-0115-30
bm:E_Af1898-0115-32,bm,E_Af1898-0115-32,Series: Benin Plaques,plaque,"Africa, Oceania and the Americas",,,16thC-17thC,brass,Donated by: Secretary of State for Foreign Affairs,1898,Found/Acquired: Benin City,Made in: Benin City,Found/Acquired: Benin City,http://media.britishmuseum.org/media/Repository/Documents/2019_7/19_16/43c99dba_4a62_4460_9bd4_aa8f0109a366/preview_EAF26490_F.jpg,https://www.britishmuseum.org/collection/object/E_Af1898-0115-32
bm:E_Af1900-0524-37,bm,E_Af1900-0524-37,Armlet,armlet,"Africa, Oceania and the Americas",,,1896 (before),silver,Purchased from: Rev A N Johnson,1900,Field Collection by: Rev W J Edmonds — Found/Acquired: Madagascar,Made in: Madagascar,Found/Acquired: Madagascar,http://media.britishmuseum.org/media/Repository/Documents/2025_5/29_12/fb668145_dd8f_4c43_9770_b2ec00ce573e/preview_EAF33766.jpg,https://www.britishmuseum.org/collection/object/E_Af1900-0524-37
bm:E_Af1900-55,bm,E_Af1900-55,Bangle,bangle,"Africa, Oceania and the Americas",,,1900 (c.),iron,Donated by: Sir Charles Hercules Read,1900,Found/Acquired: Namibia,Made in: Namibia,Found/Acquired: Namibia,http://media.britishmuseum.org/media/Repository/Documents/2014_11/10_19/130403fa_95d1_4272_b170_a3df013cac22/preview_01540020_001.jpg,https://www.britishmuseum.org/collection/object/E_Af1900-55
bm:E_Af1902-0513-5,bm,E_Af1902-0513-5,Axe,axe,"Africa, Oceania and the Americas",,,1891-1901 (c.),iron,Purchased from: Fritz Schindler,1902,"Found/Acquired: Zambia , Upper Zambesi river",Made in: Zambia,"Found/Acquired: Zambia , Upper Zambesi river",http://media.britishmuseum.org/media/Repository/Documents/2014_11/11_7/1fce3ce6_65d9_4fd9_96b4_a3e0007a1b97/preview_01567464_001.jpg,https://www.britishmuseum.org/collection/object/E_Af1902-0513-5
bm:E_Af1904-110-d-g,bm,E_Af1904-110-d-g,Animal Remains,animal remains,"Africa, Oceania and the Americas",,,,ostrich feather,Donated by: Adrian J Maclean,1904,Found/Acquired: Kenya,Made in: Kenya,Found/Acquired: Kenya,http://media.britishmuseum.org/media/Repository/Documents/2014_10/8_21/abf26c42_30fc_4400_b458_a3be0160312a/preview_00470560_001.jpg,https://www.britishmuseum.org/collection/object/E_Af1904-110-d-g
bm:E_Af1905-0525-3,bm,E_Af1905-0525-3,Figure,figure,"Africa, Oceania and the Americas",,,19thC(late),wood,Purchased from: H L Sparrow (price £25 for the collection),1905,Found/Acquired: Congo (historic),"Made in: Democratic Republic of Congo , Lower Congo region",Found/Acquired: Congo (historic),http://media.britishmuseum.org/media/Repository/Documents/2023_8/22_14/41108f57_e0fb_4e52_ba2f_b06600eb2a58/preview_EAF35209.jpg,https://www.britishmuseum.org/collection/object/E_Af1905-0525-3
bm:E_Af1913-118,bm,E_Af1913-118,Armlet,armlet,"Africa, Oceania and the Americas",,,1913 (before),bone,Donated by: Philip Norman,1913,Found/Acquired: Mendeland,Made in: Sierra Leone,Found/Acquired: Mendeland,http://media.britishmuseum.org/media/Repository/Documents/2014_10/9_18/20762565_5b3b_47ab_9375_a3bf01343b6f/preview_00537418_001.jpg,https://www.britishmuseum.org/collection/object/E_Af1913-118
bm:E_Af1913-43,bm,E_Af1913-43,Adze,adze,"Africa, Oceania and the Americas",,,,stone,Donated by: Dr Franz de Zeltner,1913,Excavated/Findspot: Yelimané,Made in: Mali,Excavated/Findspot: Yelimané,,https://www.britishmuseum.org/collection/object/E_Af1913-43
bm:E_Af1921-1028-4,bm,E_Af1921-1028-4,Spear,spear,"Africa, Oceania and the Americas",,,,iron,Donated by: Mrs Selous,1921,Found/Acquired: South Africa,Made in: South Africa,Found/Acquired: South Africa,http://media.britishmuseum.org/media/Repository/Documents/2016_8/15_9/47ba7bee_1a76_44dd_96b1_a66300948ff2/preview_EAF40632.jpg,https://www.britishmuseum.org/collection/object/E_Af1921-1028-4
bm:E_Af1923-1211-11-a-b,bm,E_Af1923-1211-11-a-b,Bead,bead,"Africa, Oceania and the Americas",,,,gold,Donated by: Franklin White,1923,Excavated/Findspot: Great Zimbabwe (?),Made in: Zimbabwe,Excavated/Findspot: Great Zimbabwe (?),http://media.britishmuseum.org/media/Repository/Documents/2025_5/29_12/fd90b500_0ab0_422f_a677_b2ec00ce65bf/preview_EAF41139.jpg,https://www.britishmuseum.org/collection/object/E_Af1923-1211-11-a-b
bm:E_Af1926-0410-1,bm,E_Af1926-0410-1,Beam (?),beam (?),"Africa, Oceania and the Americas",,,,soapstone,Donated by: Mabel Virginia Anna Bent,1926,Found/Acquired: Western Temple,Made in: Great Zimbabwe,Found/Acquired: Western Temple,http://media.britishmuseum.org/media/Repository/Documents/2014_11/9_22/0bf88497_6439_4823_a57d_a3de01714f6d/preview_01482238_001.jpg,https://www.britishmuseum.org/collection/object/E_Af1926-0410-1
bm:E_Af1931-0105-14,bm,E_Af1931-0105-14,Object: The Luzira Head,figure,"Africa, Oceania and the Americas",,,1750 (or earlier),terracotta,Donated by: E J Wayland,1931,Excavated/Findspot: Luzira,Made in: Uganda,Excavated/Findspot: Luzira,http://media.britishmuseum.org/media/Repository/Documents/2014_9/30_16/bf34faaa_1d9e_4cf1_b813_a3b6011703dc/preview_00025803_001.jpg,https://www.britishmuseum.org/collection/object/E_Af1931-0105-14
bm:E_Af1933-1206-70,bm,E_Af1933-1206-70,Animal Remains,animal remains,"Africa, Oceania and the Americas",,,1933 (circa),goat skin,Donated by: Government of Northern Rhodesia,1933,Found/Acquired: Zambia,Made in: Zambia,Found/Acquired: Zambia,http://media.britishmuseum.org/media/Repository/Documents/2014_11/10_23/f3fb7244_a9f0_490e_9a8c_a3df018a2421/preview_01564592_001.jpg,https://www.britishmuseum.org/collection/object/E_Af1933-1206-70
bm:E_Af1937-0210-13,bm,E_Af1937-0210-13,Animal Remains,animal remains,"Africa, Oceania and the Americas",,,,locust tissue,Donated by: Venerable Archdeacon J W Mogg,1937,Found/Acquired: Bechuanaland (historic),Made in: Botswana,Found/Acquired: Bechuanaland (historic),http://media.britishmuseum.org/media/Repository/Documents/2014_11/10_19/52599d23_230a_4e60_81ca_a3df01446fa7/preview_01543027_001.jpg,https://www.britishmuseum.org/collection/object/E_Af1937-0210-13
bm:E_Af1947-07-17,bm,E_Af1947-07-17,Model,model,"Africa, Oceania and the Americas",,,1895-1909 (circa),wood,Purchased from: Mrs Wharton,1947,Found/Acquired: Zambia,Made in: Zambia,Found/Acquired: Zambia,http://media.britishmuseum.org/media/Repository/Documents/2014_11/11_7/c43fa91c_40ba_45bb_8318_a3e00076a80e/preview_01566154_001.jpg,https://www.britishmuseum.org/collection/object/E_Af1947-07-17
bm:E_Af1947-30-1,bm,E_Af1947-30-1,Adze,adze,"Africa, Oceania and the Americas",,,,stone,Donated by: T S Jones,1947,"Excavated/Findspot: Koinadugu , Register 1947:
""In gold bearing river alluvium, about 3 feet down, near lake SONFON, KOINADUGU district, SIERRA LEONE.",Made in: Sierra Leone,"Excavated/Findspot: Koinadugu , Register 1947:
""In gold bearing river alluvium, about 3 feet down, near lake SONFON, KOINADUGU district, SIERRA LEONE.",http://media.britishmuseum.org/media/Repository/Documents/2014_10/13_20/33ae92af_a637_4abb_9ce7_a3c3014f5360/preview_00833583_001.jpg,https://www.britishmuseum.org/collection/object/E_Af1947-30-1
bm:E_Af1954-17-1-a-b,bm,E_Af1954-17-1-a-b,Bead,bead,"Africa, Oceania and the Americas",,,,glass,Donated by: Lagos Museum,1954,Found/Acquired: Ife,,Found/Acquired: Ife,http://media.britishmuseum.org/media/Repository/Documents/2025_8/28_8/b30f8233_38f3_480e_a68e_b347009273b3/preview_EAF20944.jpg,https://www.britishmuseum.org/collection/object/E_Af1954-17-1-a-b
bm:E_Af1954-23-2641-a-b,bm,E_Af1954-23-2641-a-b,Arm-Dagger,arm-dagger,"Africa, Oceania and the Americas",,,20thC (early),steel,Donated by: Wellcome Institute for the History of Medicine,1954,,Made in: Cameroon,,http://media.britishmuseum.org/media/Repository/Documents/2017_4/6_14/b27ac1cd_ee28_47ea_9d59_a74d00ef3f7e/preview_EAF22847.jpg,https://www.britishmuseum.org/collection/object/E_Af1954-23-2641-a-b
bm:E_Af1955-01-1,bm,E_Af1955-01-1,Vessel,vessel,"Africa, Oceania and the Americas",Bachwesi,Bachwesi,,pottery,Donated by: E C Lanning,1955,"Excavated/Findspot: Bigo (historic) , Register 1955:
Area of centre mound, BIGO earthworks.",Made in: Uganda,"Excavated/Findspot: Bigo (historic) , Register 1955:
Area of centre mound, BIGO earthworks.",http://media.britishmuseum.org/media/Repository/Documents/2015_1/5_16/47451860_7d80_4b9b_8d73_a4170107c2f5/preview_EAF52964.jpg,https://www.britishmuseum.org/collection/object/E_Af1955-01-1
bm:E_Af1981-27-1,bm,E_Af1981-27-1,Series: Asante Gold,bracelet,"Africa, Oceania and the Americas",,,1850-1925 (circa),glass,Purchased from: Nana Akwessi Afrane,1981,,Made in: Asante Region,,http://media.britishmuseum.org/media/Repository/Documents/2014_11/1_5/9da96994_4a82_4158_9086_a3d6005d40db/preview_01061361_001.jpg,https://www.britishmuseum.org/collection/object/E_Af1981-27-1
bm:E_Af1990-04-18,bm,E_Af1990-04-18,Baby-Carrier,baby-carrier,"Africa, Oceania and the Americas",,,1990 (circa),skin,Purchased from: Ahmed Dawelbeit,1990,Found/Acquired: Ethiolo Engop,Made in: Sénégal,Found/Acquired: Ethiolo Engop,http://media.britishmuseum.org/media/Repository/Documents/2019_4/24_15/78a9b472_eaeb_4426_b81e_aa3900fb6a37/preview_EAF12861.jpg,https://www.britishmuseum.org/collection/object/E_Af1990-04-18
bm:E_Am-5786-a,bm,E_Am-5786-a,Bag,bag,"Africa, Oceania and the Americas",,,,textile,Donated by: Rev. Sanderson Tennant,1869,"Field Collection by: Lieut. William Drysdale Tennant — Excavated/Findspot: Arica , grave",Made in: Chile,"Excavated/Findspot: Arica , grave",,https://www.britishmuseum.org/collection/object/E_Am-5786-a
bm:E_Am-St-397-a,bm,E_Am-St-397-a,Series: The Turquoise Mosaics,shield (?),"Africa, Oceania and the Americas",Aztec,Aztec,1400 - 1521,turquoise,Purchased from: William Adams,1866,,Made in: Mexico,,http://media.britishmuseum.org/media/Repository/Documents/2014_10/1_7/1eb33315_9778_4ec8_8033_a3b7007815a5/preview_00035749_001.jpg,https://www.britishmuseum.org/collection/object/E_Am-St-397-a
bm:E_Am-St-809-A,bm,E_Am-St-809-A,Vase,vase,"Africa, Oceania and the Americas",,,1862 (ca),pottery,Bequeathed by: Henry Christy,1865,Found/Acquired: Trinidad (West Indies),Made in: Trinidad (West Indies),Found/Acquired: Trinidad (West Indies),,https://www.britishmuseum.org/collection/object/E_Am-St-809-A
bm:E_Am-St-809-b,bm,E_Am-St-809-b,Water-Bottle,water-bottle,"Africa, Oceania and the Americas",,,1861 (ca),pottery,Bequeathed by: Henry Christy,1865,"Field Collection by: George Dennis — Found/Acquired: Essequibo, River",Made in: Guyana,"Found/Acquired: Essequibo, River",,https://www.britishmuseum.org/collection/object/E_Am-St-809-b
bm:E_Am-WG-2242,bm,E_Am-WG-2242,Adze,adze,"Africa, Oceania and the Americas",,,19thC(early),bronze,Donated by: John Pierpont Morgan,1909,Field Collection by: Rev. Canon William Greenwell — Excavated/Findspot: Cuenca (Ecuador),,Excavated/Findspot: Cuenca (Ecuador),http://media.britishmuseum.org/media/Repository/Documents/2022_5/11_14/1be7952b_4fe2_426e_ac3f_ae9200e87062/preview_am_wg_2242__a_.jpg,https://www.britishmuseum.org/collection/object/E_Am-WG-2242
bm:E_Am1855-1211-49,bm,E_Am1855-1211-49,Vessel,vessel,"Africa, Oceania and the Americas","Moche (style, but uncertain authenticity?)","Moche (style, but uncertain authenticity?)",100BC-700 (?),pottery,Purchased from: William Bollaert,1855,"Field Collection by: William Bollaert — Excavated/Findspot: Trujillo (Peru) , tomb",Made in: North Coast Peru,"Excavated/Findspot: Trujillo (Peru) , tomb",http://media.britishmuseum.org/media/Repository/Documents/2014_10/10_13/280ed63d_eb2a_46e1_9fc9_a3c000e23d6c/preview_00561131_001.jpg,https://www.britishmuseum.org/collection/object/E_Am1855-1211-49
bm:E_Am1919-1216-11,bm,E_Am1919-1216-11,Apron,apron,"Africa, Oceania and the Americas",,,19thC,skin,Purchased from: Lieutenant Henry Reginald Shipster,1919,"Excavated/Findspot: Haida Gwaii , grave",,"Excavated/Findspot: Haida Gwaii , grave",http://media.britishmuseum.org/media/Repository/Documents/2019_11/21_16/57e0f6c3_5368_4455_9cbd_ab0c010893b2/preview_am1919_1216_11__a_.jpg,https://www.britishmuseum.org/collection/object/E_Am1919-1216-11
bm:E_Am1928-0516-2,bm,E_Am1928-0516-2,Bell,bell,"Africa, Oceania and the Americas",Quimbaya (?),Quimbaya (?),,gold,Donated by: A Naylor,1928,Excavated/Findspot: Santa Marta (Valle de Cauca) (?),,Excavated/Findspot: Santa Marta (Valle de Cauca) (?),http://media.britishmuseum.org/media/Repository/Documents/2014_11/11_7/8885f26a_4822_4e63_ab1e_a3e0007fff97/preview_01569583_001.jpg,https://www.britishmuseum.org/collection/object/E_Am1928-0516-2
bm:E_Am1930-F-1,bm,E_Am1930-F-1,Object: The Fenton Vase,beaker,"Africa, Oceania and the Americas",Late Classic Maya,Late Classic Maya,600-800,pottery,Purchased from: Charles Ludwig Fenton,1930,Excavated/Findspot: Nebaj,,Excavated/Findspot: Nebaj,http://media.britishmuseum.org/media/Repository/Documents/2014_10/1_6/d25136a1_ebe9_4535_abdb_a3b7006eff93/preview_00033072_001.jpg,https://www.britishmuseum.org/collection/object/E_Am1930-F-1
bm:E_Am1953-02-1,bm,E_Am1953-02-1,Adorno,adorno,"Africa, Oceania and the Americas",,,,pottery,Purchased from: C J McAndle,1953,Found/Acquired: Brazil (country),,Found/Acquired: Brazil (country),,https://www.britishmuseum.org/collection/object/E_Am1953-02-1
bm:E_Am1982-28-13,bm,E_Am1982-28-13,Bag,bag,"Africa, Oceania and the Americas",,,1858 (circa),pelican beak,Purchased from: Warwickshire Museum,1982,Field Collection by: Major George Seton — Found/Acquired: Northwest Territories,,Found/Acquired: Northwest Territories,http://media.britishmuseum.org/media/Repository/Documents/2014_10/5_6/f80b5343_c551_434f_9c9d_a3bb00686a19/preview_00308522_001.jpg,https://www.britishmuseum.org/collection/object/E_Am1982-28-13
bm:E_Am1983-12-35,bm,E_Am1983-12-35,Animal Remains,animal remains,"Africa, Oceania and the Americas",,,1900-1950 (circa),feather,Purchased from: Robert Huber,1983,Found/Acquired: Aroma (Bolivia),,Found/Acquired: Aroma (Bolivia),,https://www.britishmuseum.org/collection/object/E_Am1983-12-35
bm:E_Am1983-Q-37,bm,E_Am1983-Q-37,Artefact,artefact,"Africa, Oceania and the Americas",,,,wood,,,Found/Acquired: Venezuela,,Found/Acquired: Venezuela,,https://www.britishmuseum.org/collection/object/E_Am1983-Q-37
bm:E_Am1991-Q-4,bm,E_Am1991-Q-4,Bowl,bowl,"Africa, Oceania and the Americas",Inca,Inca,1400-1532,basalt (?),,,Excavated/Findspot: Peru,,Excavated/Findspot: Peru,http://media.britishmuseum.org/media/Repository/Documents/2014_10/3_6/ddd1a60d_886c_4074_86ee_a3b9006e70d5/preview_00346164_001.jpg,https://www.britishmuseum.org/collection/object/E_Am1991-Q-4
bm:E_Am1997-Q-793,bm,E_Am1997-Q-793,Figure,figure,"Africa, Oceania and the Americas",Taino (Chican Ostionoid),Taino (Chican Ostionoid),1220-1280 (circa (calibrated radiocarbon dates 1224-1282)),wood,,,Found/Acquired: Jamaica,Made in: Jamaica,Found/Acquired: Jamaica,http://media.britishmuseum.org/media/Repository/Documents/2014_10/5_21/80d37ba7_2162_455c_9464_a3bb015f5346/preview_00378378_001.jpg,https://www.britishmuseum.org/collection/object/E_Am1997-Q-793
bm:E_Oc-6509,bm,E_Oc-6509,Adze,adze,"Africa, Oceania and the Americas",,,,basalt,Donated by: Julius Lucius Brenchley (1865),1870,Found/Acquired: Vava'u,Made in: Tonga,Found/Acquired: Vava'u,http://media.britishmuseum.org/media/Repository/Documents/2022_7/11_13/3fca349c_1706_428d_b512_aecf00e2c443/preview_EOC3586.jpg,https://www.britishmuseum.org/collection/object/E_Oc-6509
bm:E_Oc-HAW-138,bm,E_Oc-HAW-138,Cape,cape,"Africa, Oceania and the Americas",,,18thC,olona fibre,Donated by: Sir Joseph Banks,,Found/Acquired: Hawaii,Made in: Hawaiian Islands,Found/Acquired: Hawaii,http://media.britishmuseum.org/media/Repository/Documents/2023_2/22_14/88fcae55_b887_4c07_9bcc_afb100e77cf6/preview_Oc_HAW_138_02.jpg,https://www.britishmuseum.org/collection/object/E_Oc-HAW-138
bm:E_Oc1848-0202-1,bm,E_Oc1848-0202-1,Club,club,"Africa, Oceania and the Americas",,,19thC (before 1846),wood,Donated by: Sir Thomas Mitchell,1848,Found/Acquired: Queensland (50 miles NE of St George),Made in: Australia,Found/Acquired: Queensland (50 miles NE of St George),http://media.britishmuseum.org/media/Repository/Documents/2020_11/27_12/d3640719_412b_4401_80d3_ac8000c9ea25/preview_EOC1142.jpg,https://www.britishmuseum.org/collection/object/E_Oc1848-0202-1
bm:E_Oc1869-1005-1,bm,E_Oc1869-1005-1,"Hoa Hakananaiʿa ('lost, hidden or stolen friend')",figure,"Africa, Oceania and the Americas",,,1000 -1200 (approx),basalt (ma'ea pupura),Donated by: Queen Victoria,1869,"Field Collection by: Cdre Richard Ashmore Powell — Found/Acquired: Orongo, ceremonial centre",Made in: Rano Kao (likely),"Found/Acquired: Orongo, ceremonial centre",http://media.britishmuseum.org/media/Repository/Documents/2014_9/30_14/075fadd4_0ca9_4147_a598_a3b600e6e577/preview_00012842_001.jpg,https://www.britishmuseum.org/collection/object/E_Oc1869-1005-1
bm:E_Oc1889-0208-13,bm,E_Oc1889-0208-13,Mask,mask,"Africa, Oceania and the Americas",,,19thC,palm leaf (?),Donated by: Commander Charles Cross,1889,Found/Acquired: Ambrym,,Found/Acquired: Ambrym,http://media.britishmuseum.org/media/Repository/Documents/2022_9/26_8/48330b3f_92de_4a39_bfc4_af1c00908956/preview_EOC6770.jpg,https://www.britishmuseum.org/collection/object/E_Oc1889-0208-13
bm:E_Oc1896-1154,bm,E_Oc1896-1154,Club,club,"Africa, Oceania and the Americas",,,,wood,Purchased from: Royal United Services Institute,1896,Found/Acquired: Fiji,,Found/Acquired: Fiji,http://media.britishmuseum.org/media/Repository/Documents/2022_6/28_12/6a2afabe_0d3b_41d7_9fc9_aec200c737ef/preview_EOC9549.jpg,https://www.britishmuseum.org/collection/object/E_Oc1896-1154
bm:E_Oc1921-1102-3,bm,E_Oc1921-1102-3,Canoe,canoe,"Africa, Oceania and the Americas",,,,wood,,1921,"Found/Acquired: Solomon Islands (possibly Isabel, by style)",,"Found/Acquired: Solomon Islands (possibly Isabel, by style)",http://media.britishmuseum.org/media/Repository/Documents/2023_2/8_15/a479be27_4124_4907_b7af_afa300f7d711/preview_EOC15346.jpg,https://www.britishmuseum.org/collection/object/E_Oc1921-1102-3
bm:E_Oc1949-08-1,bm,E_Oc1949-08-1,Adze,adze,"Africa, Oceania and the Americas",,,,stone,Purchased from: B Mallen,1949,Found/Acquired: Ramu River,Made in: New Guinea,Found/Acquired: Ramu River,http://media.britishmuseum.org/media/Repository/Documents/2024_8/9_9/37ca4a9a_e0f1_4a25_a742_b1c7009cec52/preview_EOC21183.jpg,https://www.britishmuseum.org/collection/object/E_Oc1949-08-1
bm:G_1816-0610-98,bm,G_1816-0610-98,Series: The Parthenon Sculptures,statue,Greek and Roman,Classical Greek,Classical Greek,438BC-432BC,marble,"Purchased from: Thomas Bruce, 7th Earl of Elgin",,Excavated/Findspot: Parthenon,Made in: Athens,Excavated/Findspot: Parthenon,,https://www.britishmuseum.org/collection/object/G_1816-0610-98
bm:G_1894-1101-213,bm,G_1894-1101-213,Alabastron,alabastron,Greek and Roman,Cypro-Archaic II (?),Cypro-Archaic II (?),550BC-375BC,glass,"From: Turner Bequest Excavations, Amathus",1894,"Excavated by: Turner Bequest Excavations, Amathus — Excavated/Findspot: Amathus (historic) , Site E, tomb 83",Made in: Cyprus (?),"Excavated/Findspot: Amathus (historic) , Site E, tomb 83",http://media.britishmuseum.org/media/Repository/Documents/2014_10/6_14/1676995c_4d8a_48ac_b171_a3bc00f5a606/preview_00426100_001.jpg,https://www.britishmuseum.org/collection/object/G_1894-1101-213
bm:W_1825-0421-1,bm,W_1825-0421-1,Block,block,Middle East,Achaemenid,Achaemenid,5thC BC,limestone (grey),"Donated by: Sir Gore Ouseley, 1st Baronet",1825,"Excavated/Findspot: Apadana (Persepolis) , North Façade, left of right hand stairwell column.",Made in: Persepolis,"Excavated/Findspot: Apadana (Persepolis) , North Façade, left of right hand stairwell column.",http://media.britishmuseum.org/media/Repository/Documents/2014_11/10_7/5064c5a7_a4a2_4110_9384_a3df007d1e58/preview_01493331_001.jpg,https://www.britishmuseum.org/collection/object/W_1825-0421-1
bm:W_1848-1104-1,bm,W_1848-1104-1,Object: The Black Obelisk,obelisk,Middle East,Neo-Assyrian,Neo-Assyrian,825BC,limestone (black),,1848,Excavated by: Sir Austen Henry Layard — Excavated/Findspot: Nimrud,,Excavated/Findspot: Nimrud,http://media.britishmuseum.org/media/Repository/Documents/2014_10/5_2/fd60bada_bbbe_4310_a90f_a3bb002a6a26/preview_00290479_001.jpg,https://www.britishmuseum.org/collection/object/W_1848-1104-1
bm:W_1856-0909-57,bm,W_1856-0909-57,Door-Sill,door-sill,Middle East,Neo-Assyrian,Neo-Assyrian,645BC (c.),gypsum,,1856,"Excavated by: Hormuzd Rassam — Excavated/Findspot: North Palace (Nineveh) , Room 1
Door C",,"Excavated/Findspot: North Palace (Nineveh) , Room 1
Door C",http://media.britishmuseum.org/media/Repository/Documents/2014_10/1_7/3aa3f429_5d65_47ed_992c_a3b700794928/preview_00036059_001.jpg,https://www.britishmuseum.org/collection/object/W_1856-0909-57
bm:W_1880-0617-1941,bm,W_1880-0617-1941,Object: The Cyrus Cylinder,cylinder,Middle East,Achaemenid Dynasty,Achaemenid Dynasty,539BC (after),fired clay,,1880,"Excavated by: Hormuzd Rassam — Excavated/Findspot: Amran (Babylon) , For the evidence on findspot see Walker C B F 1972a.",Made in: Babylon (historic - Iraq),"Excavated/Findspot: Amran (Babylon) , For the evidence on findspot see Walker C B F 1972a.",http://media.britishmuseum.org/media/Repository/Documents/2014_10/4_21/db6b39fb_ec3e_4ae0_98ac_a3ba015c8e30/preview_00262857_001.jpg,https://www.britishmuseum.org/collection/object/W_1880-0617-1941
bm:W_1880-330,bm,W_1880-330,Box,box,Middle East,Mughal dynasty,Mughal dynasty,17thC (circa),jade,,,Found/Acquired: India,,Found/Acquired: India,http://media.britishmuseum.org/media/Repository/Documents/2014_9/30_12/830caf7e_49b6_4a84_98bd_a3b600c61f48/preview_00006315_001.jpg,https://www.britishmuseum.org/collection/object/W_1880-330
bm:W_1897-1231-116,bm,W_1897-1231-116,Series: Oxus Treasure,armlet,Middle East,Achaemenid,Achaemenid,5thC BC-4thC BC,gold,Bequeathed by: Sir Augustus Wollaston Franks,1897,Excavated/Findspot: Takht-i Kuwad (?),,Excavated/Findspot: Takht-i Kuwad (?),http://media.britishmuseum.org/media/Repository/Documents/2014_11/12_16/3421c686_d4a6_42f6_9291_a3e101122631/preview_00113944_001.jpg,https://www.britishmuseum.org/collection/object/W_1897-1231-116
bm:W_1922-0511-255,bm,W_1922-0511-255,Box,box,Middle East,Neo-Hittite,Neo-Hittite,9thC BC-7thC BC,stone,,1922,"Excavated by: Sir Leonard Woolley — Excavated/Findspot: Carchemish (historic) , Citadel water postern (near)",,"Excavated/Findspot: Carchemish (historic) , Citadel water postern (near)",http://media.britishmuseum.org/media/Repository/Documents/2014_11/10_22/4d2b6b44_7333_4fb5_8e17_a3df01731f3d/preview_01557277_001.jpg,https://www.britishmuseum.org/collection/object/W_1922-0511-255
bm:W_1970-0209-18,bm,W_1970-0209-18,Bowl,bowl,Middle East,Iron Age,Iron Age,8thC BC-7thC BC,pottery,Donated by: British School of Archaeology in Jerusalem,1970,"Excavated by: Dame Kathleen Mary Kenyon — Excavated/Findspot: Ophel , East side, Cave 1, tomb, A XXVI?. (East side)",Made in: Palestine (historic),"Excavated/Findspot: Ophel , East side, Cave 1, tomb, A XXVI?. (East side)",,https://www.britishmuseum.org/collection/object/W_1970-0209-18
bm:W_1970-0604-2,bm,W_1970-0604-2,Altar,altar,Middle East,Sabaean,Sabaean,1stC BC-1stC,bronze,Purchased from: Christie's,1970,Excavated/Findspot: Marib (historic - Saba) (?),Made in: Yemen,Excavated/Findspot: Marib (historic - Saba) (?),http://media.britishmuseum.org/media/Repository/Documents/2014_10/1_6/2eb8e44b_da9f_40b3_9894_a3b70066911c/preview_00030809_001.jpg,https://www.britishmuseum.org/collection/object/W_1970-0604-2
bm:W_As1967-02-1,bm,W_As1967-02-1,Jacket (sheepskin jacket (farwah/farweh)),jacket (sheepskin jacket (farwah/farweh)),Middle East,,,late 19th century to early 20th century (circa),sheepskin,Donated by: Jerusalem and the East Mission,1967,Found/Acquired: Palestine (historic),Made in: Palestine (historic),Found/Acquired: Palestine (historic),http://media.britishmuseum.org/media/Repository/Documents/2020_12/3_18/6f5c7f95_4c2f_4bea_af77_ac860136492b/preview_As1967_02_1___1_.jpg,https://www.britishmuseum.org/collection/object/W_As1967-02-1
bm:Y_EA1770,bm,Y_EA1770,Statue,statue,Egypt and Sudan,Kushite,Kushite,680BC (c.),granite gneiss,,1932,"Excavated by: Prof. Francis Llewellyn Griffith — Excavated/Findspot: Kawa, Temple T, in area E of south-eastern part of temple (Macadam II, pl. 12).",,"Excavated/Findspot: Kawa, Temple T, in area E of south-eastern part of temple (Macadam II, pl. 12).",http://media.britishmuseum.org/media/Repository/Documents/2014_10/11_4/a34456ad_c3ec_421a_a71e_a3c100430071/preview_00596762_001.jpg,https://www.britishmuseum.org/collection/object/Y_EA1770
bm:Y_EA24,bm,Y_EA24,Object: The Rosetta Stone,stela,Egypt and Sudan,Ptolemaic,Ptolemaic,196BC,granodiorite,"Donated by: George III, King of the United Kingdom",1802,Excavated by: Pierre Francois Xavier Bouchard — Excavated/Findspot: Fort Saint Julien,,Excavated/Findspot: Fort Saint Julien,http://media.britishmuseum.org/media/Repository/Documents/2014_9/30_14/850117f8_773c_4b7e_af44_a3b600f6de6d/preview_00016456_004.jpg,https://www.britishmuseum.org/collection/object/Y_EA24
bm:Y_EA51515,bm,Y_EA51515,Amphora,amphora,Egypt and Sudan,Meroitic (Find spot),Meroitic (Find spot),2ndC-3rdC(early),pottery,Donated by: University of Oxford,1912,"Excavated/Findspot: Faras (Nubia) , Meroitic Cemetery
Grave 1087",,"Excavated/Findspot: Faras (Nubia) , Meroitic Cemetery
Grave 1087",http://media.britishmuseum.org/media/Repository/Documents/2014_9/30_14/0bee2191_96f3_4932_b839_a3b600f685d6/preview_00016327_001.jpg,https://www.britishmuseum.org/collection/object/Y_EA51515
