objectID,origin_label,origin_label_en,origin_precision,origin_lat,origin_lon,origin_country,origin_country_en,museum_lat,museum_lon
qb:1624,"Makira-Ulawa, islas Salomón","Makira-Ulawa, Solomon Islands",region,-10.45,161.917,Islas Salomón,Solomon Islands,48.8607,2.2978
qb:12795,East Sepik (province),East Sepik (province),country,-6.3149,143.9555,Papúa Nueva Guinea,Papua New Guinea,48.8607,2.2978
qb:17904,Mogara (village),Mogara (village),country,-6.3149,143.9555,Papúa Nueva Guinea,Papua New Guinea,48.8607,2.2978
qb:18218,Muri Muri (village),Muri Muri (village),country,-17.7134,178.065,Fiyi,Fiji,48.8607,2.2978
qb:20682,Bathurst (île),Bathurst (île),country,-25.2744,133.7751,Australia,Australia,48.8607,2.2978
qb:24035,Fiyi,Fiji,country,-17.7134,178.065,Fiyi,Fiji,48.8607,2.2978
qb:29052,"Aurès (aprox., misión Rivière-Tillion)","Aurès region (approx., Rivière-Tillion mission)",region,35.2667,6.5333,Argelia,Algeria,48.8607,2.2978
qb:31447,Djanet,Djanet,country,28.0339,1.6596,Argelia,Algeria,48.8607,2.2978
qb:35472,Sous (vallée),Sous (vallée),country,31.7917,-7.0926,Marruecos,Morocco,48.8607,2.2978
qb:35473,Sous (vallée),Sous (vallée),country,31.7917,-7.0926,Marruecos,Morocco,48.8607,2.2978
qb:36060,Tindouf (ville),Tindouf (ville),country,28.0339,1.6596,Argelia,Algeria,48.8607,2.2978
qb:36228,Aït Berdjal,Aït Berdjal,country,28.0339,1.6596,Argelia,Algeria,48.8607,2.2978
qb:36388,"Aurès (aprox., misión Rivière-Tillion)","Aurès region (approx., Rivière-Tillion mission)",region,35.2667,6.5333,Argelia,Algeria,48.8607,2.2978
qb:36389,"Aurès (aprox., misión Rivière-Tillion)","Aurès region (approx., Rivière-Tillion mission)",region,35.2667,6.5333,Argelia,Algeria,48.8607,2.2978
qb:36390,"Aurès (aprox., misión Rivière-Tillion)","Aurès region (approx., Rivière-Tillion mission)",region,35.2667,6.5333,Argelia,Algeria,48.8607,2.2978
qb:36391,"Aurès (aprox., misión Rivière-Tillion)","Aurès region (approx., Rivière-Tillion mission)",region,35.2667,6.5333,Argelia,Algeria,48.8607,2.2978
qb:36392,"Aurès (aprox., misión Rivière-Tillion)","Aurès region (approx., Rivière-Tillion mission)",region,35.2667,6.5333,Argelia,Algeria,48.8607,2.2978
qb:36393,"Aurès (aprox., misión Rivière-Tillion)","Aurès region (approx., Rivière-Tillion mission)",region,35.2667,6.5333,Argelia,Algeria,48.8607,2.2978
qb:36394,"Aurès (aprox., misión Rivière-Tillion)","Aurès region (approx., Rivière-Tillion mission)",region,35.2667,6.5333,Argelia,Algeria,48.8607,2.2978
qb:36395,"Aurès (aprox., misión Rivière-Tillion)","Aurès region (approx., Rivière-Tillion mission)",region,35.2667,6.5333,Argelia,Algeria,48.8607,2.2978
qb:36396,"Aurès (aprox., misión Rivière-Tillion)","Aurès region (approx., Rivière-Tillion mission)",region,35.2667,6.5333,Argelia,Algeria,48.8607,2.2978
qb:36397,"Aurès (aprox., misión Rivière-Tillion)","Aurès region (approx., Rivière-Tillion mission)",region,35.2667,6.5333,Argelia,Algeria,48.8607,2.2978
qb:36399,"Aurès (aprox., misión Rivière-Tillion)","Aurès region (approx., Rivière-Tillion mission)",region,35.2667,6.5333,Argelia,Algeria,48.8607,2.2978
qb:36400,"Aurès (aprox., misión Rivière-Tillion)","Aurès region (approx., Rivière-Tillion mission)",region,35.2667,6.5333,Argelia,Algeria,48.8607,2.2978
qb:36401,"Aurès (aprox., misión Rivière-Tillion)","Aurès region (approx., Rivière-Tillion mission)",region,35.2667,6.5333,Argelia,Algeria,48.8607,2.2978
qb:36402,"Aurès (aprox., misión Rivière-Tillion)","Aurès region (approx., Rivière-Tillion mission)",region,35.2667,6.5333,Argelia,Algeria,48.8607,2.2978
qb:36403,"Aurès (aprox., misión Rivière-Tillion)","Aurès region (approx., Rivière-Tillion mission)",region,35.2667,6.5333,Argelia,Algeria,48.8607,2.2978
qb:36404,"Aurès (aprox., misión Rivière-Tillion)","Aurès region (approx., Rivière-Tillion mission)",region,35.2667,6.5333,Argelia,Algeria,48.8607,2.2978
qb:36405,"Aurès (aprox., misión Rivière-Tillion)","Aurès region (approx., Rivière-Tillion mission)",region,35.2667,6.5333,Argelia,Algeria,48.8607,2.2978
qb:36406,"Aurès (aprox., misión Rivière-Tillion)","Aurès region (approx., Rivière-Tillion mission)",region,35.2667,6.5333,Argelia,Algeria,48.8607,2.2978
qb:36407,"Aurès (aprox., misión Rivière-Tillion)","Aurès region (approx., Rivière-Tillion mission)",region,35.2667,6.5333,Argelia,Algeria,48.8607,2.2978
qb:36408,"Aurès (aprox., misión Rivière-Tillion)","Aurès region (approx., Rivière-Tillion mission)",region,35.2667,6.5333,Argelia,Algeria,48.8607,2.2978
qb:36409,"Aurès (aprox., misión Rivière-Tillion)","Aurès region (approx., Rivière-Tillion mission)",region,35.2667,6.5333,Argelia,Algeria,48.8607,2.2978
qb:36529,Aït Berdjal,Aït Berdjal,country,28.0339,1.6596,Argelia,Algeria,48.8607,2.2978
qb:36530,Aït Berdjal,Aït Berdjal,country,28.0339,1.6596,Argelia,Algeria,48.8607,2.2978
qb:36531,Aït Berdjal,Aït Berdjal,country,28.0339,1.6596,Argelia,Algeria,48.8607,2.2978
qb:36532,Aït Berdjal,Aït Berdjal,country,28.0339,1.6596,Argelia,Algeria,48.8607,2.2978
qb:36533,Aït Berdjal,Aït Berdjal,country,28.0339,1.6596,Argelia,Algeria,48.8607,2.2978
qb:39822,Tunisie,Tunisie,country,26.3351,17.2283,Libia,Libya,48.8607,2.2978
qb:53236,Pahang (état),Pahang (état),country,4.2105,101.9758,Malasia,Malaysia,48.8607,2.2978
qb:53237,Pahang (état),Pahang (état),country,4.2105,101.9758,Malasia,Malaysia,48.8607,2.2978
qb:53238,Pahang (état),Pahang (état),country,4.2105,101.9758,Malasia,Malaysia,48.8607,2.2978
qb:53239,Pahang (état),Pahang (état),country,4.2105,101.9758,Malasia,Malaysia,48.8607,2.2978
qb:53240,Pahang (état),Pahang (état),country,4.2105,101.9758,Malasia,Malaysia,48.8607,2.2978
qb:53241,Pahang (état),Pahang (état),country,4.2105,101.9758,Malasia,Malaysia,48.8607,2.2978
qb:53242,Perak (état),Perak (état),country,4.2105,101.9758,Malasia,Malaysia,48.8607,2.2978
qb:53243,Perak (état),Perak (état),country,4.2105,101.9758,Malasia,Malaysia,48.8607,2.2978
qb:53244,Perak (état),Perak (état),country,4.2105,101.9758,Malasia,Malaysia,48.8607,2.2978
qb:53245,Perak (état),Perak (état),country,4.2105,101.9758,Malasia,Malaysia,48.8607,2.2978
qb:53246,Pahang (état),Pahang (état),country,4.2105,101.9758,Malasia,Malaysia,48.8607,2.2978
qb:53247,Pahang (état),Pahang (état),country,4.2105,101.9758,Malasia,Malaysia,48.8607,2.2978
qb:53248,Pahang (état),Pahang (état),country,4.2105,101.9758,Malasia,Malaysia,48.8607,2.2978
qb:53249,Pahang (état),Pahang (état),country,4.2105,101.9758,Malasia,Malaysia,48.8607,2.2978
qb:53250,Pahang (état),Pahang (état),country,4.2105,101.9758,Malasia,Malaysia,48.8607,2.2978
qb:53251,Pahang (état),Pahang (état),country,4.2105,101.9758,Malasia,Malaysia,48.8607,2.2978
qb:53252,Pahang (état),Pahang (état),country,4.2105,101.9758,Malasia,Malaysia,48.8607,2.2978
qb:53253,Pahang (état),Pahang (état),country,4.2105,101.9758,Malasia,Malaysia,48.8607,2.2978
qb:53254,Pahang (état),Pahang (état),country,4.2105,101.9758,Malasia,Malaysia,48.8607,2.2978
qb:53255,Pahang (état),Pahang (état),country,4.2105,101.9758,Malasia,Malaysia,48.8607,2.2978
qb:53256,Pahang (état),Pahang (état),country,4.2105,101.9758,Malasia,Malaysia,48.8607,2.2978
qb:53257,Pahang (état),Pahang (état),country,4.2105,101.9758,Malasia,Malaysia,48.8607,2.2978
qb:53258,Pahang (état),Pahang (état),country,4.2105,101.9758,Malasia,Malaysia,48.8607,2.2978
qb:53259,Perak (état),Perak (état),country,4.2105,101.9758,Malasia,Malaysia,48.8607,2.2978
qb:53260,Perak (état),Perak (état),country,4.2105,101.9758,Malasia,Malaysia,48.8607,2.2978
qb:53261,Perak (état),Perak (état),country,4.2105,101.9758,Malasia,Malaysia,48.8607,2.2978
qb:53262,Perak (état),Perak (état),country,4.2105,101.9758,Malasia,Malaysia,48.8607,2.2978
qb:53263,Pahang (état),Pahang (état),country,4.2105,101.9758,Malasia,Malaysia,48.8607,2.2978
qb:53264,Pahang (état),Pahang (état),country,4.2105,101.9758,Malasia,Malaysia,48.8607,2.2978
qb:53265,Pahang (état),Pahang (état),country,4.2105,101.9758,Malasia,Malaysia,48.8607,2.2978
qb:53267,Pahang (état),Pahang (état),country,4.2105,101.9758,Malasia,Malaysia,48.8607,2.2978
qb:53270,Pahang (état),Pahang (état),country,4.2105,101.9758,Malasia,Malaysia,48.8607,2.2978
qb:53272,Pahang (état),Pahang (état),country,4.2105,101.9758,Malasia,Malaysia,48.8607,2.2978
qb:53273,Pahang (état),Pahang (état),country,4.2105,101.9758,Malasia,Malaysia,48.8607,2.2978
qb:78310,Kabul,Kabul,country,33.9391,67.71,Afganistán,Afghanistan,48.8607,2.2978
qb:82526,Afghanistan,Afghanistan,country,33.2232,43.6793,Irak,Iraq,48.8607,2.2978
qb:95844,Amapá (état),Amapá (état),country,-14.235,-51.9253,Brasil,Brazil,48.8607,2.2978
qb:95846,Guayana Francesa,French Guiana,country,3.9339,-53.1258,Guayana Francesa,French Guiana,48.8607,2.2978
qb:96514,Cuzco (ville),Cuzco (ville),country,-9.19,-75.0152,Perú,Peru,48.8607,2.2978
qb:96515,Cuzco (ville),Cuzco (ville),country,-9.19,-75.0152,Perú,Peru,48.8607,2.2978
qb:96579,Rio Essequibo,Rio Essequibo,country,4.8604,-58.9302,Guyana,Guyana,48.8607,2.2978
qb:103395,Sitka,Sitka,country,39.8283,-98.5795,Estados Unidos,United States,48.8607,2.2978
qb:107333,Manizales,Manizales,country,4.5709,-74.2973,Colombia,Colombia,48.8607,2.2978
qb:112873,Tucumán (province),Tucumán (province),country,-38.4161,-63.6167,Argentina,Argentina,48.8607,2.2978
qb:118290,"La Paz, Bolivia","La Paz, Bolivia",site,-16.5,-68.15,Bolivia,Bolivia,48.8607,2.2978
qb:118605,"La Paz, Bolivia","La Paz, Bolivia",site,-16.5,-68.15,Bolivia,Bolivia,48.8607,2.2978
qb:118607,"La Paz, Bolivia","La Paz, Bolivia",site,-16.5,-68.15,Bolivia,Bolivia,48.8607,2.2978
qb:118608,"La Paz, Bolivia","La Paz, Bolivia",site,-16.5,-68.15,Bolivia,Bolivia,48.8607,2.2978
qb:118716,"La Paz, Bolivia","La Paz, Bolivia",site,-16.5,-68.15,Bolivia,Bolivia,48.8607,2.2978
qb:118717,"La Paz, Bolivia","La Paz, Bolivia",site,-16.5,-68.15,Bolivia,Bolivia,48.8607,2.2978
qb:118718,"La Paz, Bolivia","La Paz, Bolivia",site,-16.5,-68.15,Bolivia,Bolivia,48.8607,2.2978
qb:118719,"La Paz, Bolivia","La Paz, Bolivia",site,-16.5,-68.15,Bolivia,Bolivia,48.8607,2.2978
qb:118721,"La Paz, Bolivia","La Paz, Bolivia",site,-16.5,-68.15,Bolivia,Bolivia,48.8607,2.2978
qb:118722,"La Paz, Bolivia","La Paz, Bolivia",site,-16.5,-68.15,Bolivia,Bolivia,48.8607,2.2978
qb:118723,"La Paz, Bolivia","La Paz, Bolivia",site,-16.5,-68.15,Bolivia,Bolivia,48.8607,2.2978
qb:118724,"La Paz, Bolivia","La Paz, Bolivia",site,-16.5,-68.15,Bolivia,Bolivia,48.8607,2.2978
qb:118725,"La Paz, Bolivia","La Paz, Bolivia",site,-16.5,-68.15,Bolivia,Bolivia,48.8607,2.2978
qb:118734,"La Paz, Bolivia","La Paz, Bolivia",site,-16.5,-68.15,Bolivia,Bolivia,48.8607,2.2978
qb:118742,"La Paz, Bolivia","La Paz, Bolivia",site,-16.5,-68.15,Bolivia,Bolivia,48.8607,2.2978
qb:125361,Rio Santiago,Rio Santiago,country,-1.8312,-78.1834,Ecuador,Ecuador,48.8607,2.2978
qb:125427,"La Paz, Bolivia","La Paz, Bolivia",site,-16.5,-68.15,Bolivia,Bolivia,48.8607,2.2978
qb:127495,Arroyo Guazu,Arroyo Guazu,country,-23.4425,-58.4438,Paraguay,Paraguay,48.8607,2.2978
qb:127496,Arroyo Guazu,Arroyo Guazu,country,-23.4425,-58.4438,Paraguay,Paraguay,48.8607,2.2978
qb:130231,Sivacá,Sivacá,country,23.6345,-102.5528,México,Mexico,48.8607,2.2978
qb:130232,Sivacá,Sivacá,country,23.6345,-102.5528,México,Mexico,48.8607,2.2978
qb:140278,"Oruro, Bolivia","Oruro, Bolivia",region,-17.9833,-67.15,Bolivia,Bolivia,48.8607,2.2978
qb:140279,"Oruro, Bolivia","Oruro, Bolivia",region,-17.9833,-67.15,Bolivia,Bolivia,48.8607,2.2978
qb:148473,Bahia (état),Bahia (état),country,-14.235,-51.9253,Brasil,Brazil,48.8607,2.2978
qb:156295,Lago Titicaca,Lake Titicaca,site,-15.9,-69.2,Bolivia,Bolivia,48.8607,2.2978
qb:197803,Ethiopie,Ethiopie,country,-6.369,34.8888,Tanzania,Tanzania,48.8607,2.2978
qb:232146,Maré,Maré,country,15.4542,18.7322,Chad,Chad,48.8607,2.2978
qb:263103,Rusia,Russia,country,61.524,105.3188,Rusia,Russia,48.8607,2.2978
qb:300208,Djebel Bani,Djebel Bani,country,21.0079,-10.9408,Mauritania,Mauritania,48.8607,2.2978
qb:302286,Tidikelt,Tidikelt,country,28.0339,1.6596,Argelia,Algeria,48.8607,2.2978
qb:302287,Tlemcen (ville),Tlemcen (ville),country,28.0339,1.6596,Argelia,Algeria,48.8607,2.2978
qb:302958,Wallis y Futuna,Wallis and Futuna,country,-13.3,-176.2,Wallis y Futuna,Wallis and Futuna,48.8607,2.2978
qb:303356,Nueva Caledonia,New Caledonia,country,-20.9043,165.618,Nueva Caledonia,New Caledonia,48.8607,2.2978
qb:304476,Ambrym (Nord),Ambrym (Nord),country,-15.3767,166.9592,Vanuatu,Vanuatu,48.8607,2.2978
qb:304482,Ambrym (Nord),Ambrym (Nord),country,-15.3767,166.9592,Vanuatu,Vanuatu,48.8607,2.2978
qb:304802,Yuat,Yuat,country,-6.3149,143.9555,Papúa Nueva Guinea,Papua New Guinea,48.8607,2.2978
qb:305354,Ambrym (île),Ambrym (île),country,-15.3767,166.9592,Vanuatu,Vanuatu,48.8607,2.2978
qb:311675,"Provincia Murillo, Bolivia","Murillo Province, Bolivia",region,-16.5,-68.15,Bolivia,Bolivia,48.8607,2.2978
qb:311678,"Provincia Murillo, Bolivia","Murillo Province, Bolivia",region,-16.5,-68.15,Bolivia,Bolivia,48.8607,2.2978
qb:311725,"Curva, Bolivia (región Kallawaya)","Curva, Bolivia (Kallawaya region)",site,-15.017,-68.95,Bolivia,Bolivia,48.8607,2.2978
qb:311731,"Curva, Bolivia (región Kallawaya)","Curva, Bolivia (Kallawaya region)",site,-15.017,-68.95,Bolivia,Bolivia,48.8607,2.2978
qb:311733,"Curva, Bolivia (región Kallawaya)","Curva, Bolivia (Kallawaya region)",site,-15.017,-68.95,Bolivia,Bolivia,48.8607,2.2978
qb:314525,Ecuador,Ecuador,country,-1.8312,-78.1834,Ecuador,Ecuador,48.8607,2.2978
qb:328542,Queensland (état),Queensland (état),country,-25.2744,133.7751,Australia,Australia,48.8607,2.2978
qb:329067,"Isabel, islas Salomón","Isabel, Solomon Islands",region,-8.133,159.583,Islas Salomón,Solomon Islands,48.8607,2.2978
qb:329327,Balade,Balade,country,-20.9043,165.618,Nueva Caledonia,New Caledonia,48.8607,2.2978
qb:354200,"Bahía de Orokolo, Papúa Nueva Guinea (aprox.)","Orokolo Bay, Papua New Guinea (approx.)",region,-7.8883,145.3056,Papúa Nueva Guinea,Papua New Guinea,48.8607,2.2978
qb:354201,"Bahía de Orokolo, Papúa Nueva Guinea (aprox.)","Orokolo Bay, Papua New Guinea (approx.)",region,-7.8883,145.3056,Papúa Nueva Guinea,Papua New Guinea,48.8607,2.2978
qb:354211,"Bahía de Orokolo, Papúa Nueva Guinea (aprox.)","Orokolo Bay, Papua New Guinea (approx.)",region,-7.8883,145.3056,Papúa Nueva Guinea,Papua New Guinea,48.8607,2.2978
qb:354212,"Bahía de Orokolo, Papúa Nueva Guinea (aprox.)","Orokolo Bay, Papua New Guinea (approx.)",region,-7.8883,145.3056,Papúa Nueva Guinea,Papua New Guinea,48.8607,2.2978
qb:354219,"Bahía de Orokolo, Papúa Nueva Guinea (aprox.)","Orokolo Bay, Papua New Guinea (approx.)",region,-7.8883,145.3056,Papúa Nueva Guinea,Papua New Guinea,48.8607,2.2978
qb:354220,"Bahía de Orokolo, Papúa Nueva Guinea (aprox.)","Orokolo Bay, Papua New Guinea (approx.)",region,-7.8883,145.3056,Papúa Nueva Guinea,Papua New Guinea,48.8607,2.2978
qb:354225,"Bahía de Orokolo, Papúa Nueva Guinea (aprox.)","Orokolo Bay, Papua New Guinea (approx.)",region,-7.8883,145.3056,Papúa Nueva Guinea,Papua New Guinea,48.8607,2.2978
qb:354227,"Bahía de Orokolo, Papúa Nueva Guinea (aprox.)","Orokolo Bay, Papua New Guinea (approx.)",region,-7.8883,145.3056,Papúa Nueva Guinea,Papua New Guinea,48.8607,2.2978
qb:358828,"Nuku Hiva, islas Marquesas","Nuku Hiva, Marquesas Islands",site,-8.9057,-140.1075,Islas Marquesas,Marquesas Islands,48.8607,2.2978
qb:358832,"Nuku Hiva, islas Marquesas","Nuku Hiva, Marquesas Islands",site,-8.9057,-140.1075,Islas Marquesas,Marquesas Islands,48.8607,2.2978
qb:358884,Fidji,Fidji,country,-21.1789,-175.1982,Tonga,Tonga,48.8607,2.2978
qb:358919,Fiyi,Fiji,country,-17.7134,178.065,Fiyi,Fiji,48.8607,2.2978
qb:359023,"Nueva Georgia, islas Salomón","New Georgia Islands, Solomon Islands",region,-8.106,156.839,Islas Salomón,Solomon Islands,48.8607,2.2978
qb:359030,"Nueva Georgia, islas Salomón","New Georgia Islands, Solomon Islands",region,-8.106,156.839,Islas Salomón,Solomon Islands,48.8607,2.2978
qb:359082,Fiyi,Fiji,country,-17.7134,178.065,Fiyi,Fiji,48.8607,2.2978
qb:359224,"Nuku Hiva, islas Marquesas","Nuku Hiva, Marquesas Islands",site,-8.9057,-140.1075,Islas Marquesas,Marquesas Islands,48.8607,2.2978
qb:359254,Fiyi,Fiji,country,-17.7134,178.065,Fiyi,Fiji,48.8607,2.2978
qb:359353,Islas Marquesas,Marquesas Islands,country,-9.7833,-139.0667,Islas Marquesas,Marquesas Islands,48.8607,2.2978
qb:359354,Islas Marquesas,Marquesas Islands,country,-9.7833,-139.0667,Islas Marquesas,Marquesas Islands,48.8607,2.2978
qb:359385,Nueva Zelanda,New Zealand,country,-40.9006,174.886,Nueva Zelanda,New Zealand,48.8607,2.2978
qb:361493,Islas Marquesas,Marquesas Islands,country,-9.7833,-139.0667,Islas Marquesas,Marquesas Islands,48.8607,2.2978
qb:364949,Bénoué (région),Bénoué (région),country,7.3697,12.3547,Camerún,Cameroon,48.8607,2.2978
qb:368136,Zambie,Zambie,country,-18.6657,35.5296,Mozambique,Mozambique,48.8607,2.2978
qb:377326,Brasil,Brazil,country,-14.235,-51.9253,Brasil,Brazil,48.8607,2.2978
qb:383549,Fiyi,Fiji,country,-17.7134,178.065,Fiyi,Fiji,48.8607,2.2978
qb:383558,"Bahía de Orokolo, Papúa Nueva Guinea (aprox.)","Orokolo Bay, Papua New Guinea (approx.)",region,-7.8883,145.3056,Papúa Nueva Guinea,Papua New Guinea,48.8607,2.2978
qb:385900,"Makira-Ulawa, islas Salomón","Makira-Ulawa, Solomon Islands",region,-10.45,161.917,Islas Salomón,Solomon Islands,48.8607,2.2978
qb:391812,?,?,unresolved,,,,,48.8607,2.2978
qb:391820,Europe,Europe,unresolved,,,,,48.8607,2.2978
qb:391877,Paris (département),Paris (département),country,46.6034,1.8883,Francia,France,48.8607,2.2978
qb:391882,?,?,unresolved,,,,,48.8607,2.2978
qb:391886,Europe,Europe,unresolved,,,,,48.8607,2.2978
qb:391889,?,?,unresolved,,,,,48.8607,2.2978
qb:391956,,,unresolved,,,,,48.8607,2.2978
qb:397543,"Bangkok, Tailandia","Bangkok, Thailand",site,13.7563,100.5018,Tailandia,Thailand,48.8607,2.2978
qb:397606,"Bangkok, Tailandia","Bangkok, Thailand",site,13.7563,100.5018,Tailandia,Thailand,48.8607,2.2978
qb:418829,Afrique,Afrique,unresolved,,,,,48.8607,2.2978
qb:418830,Afrique,Afrique,unresolved,,,,,48.8607,2.2978
qb:418891,?,?,unresolved,,,,,48.8607,2.2978
qb:419535,?,?,unresolved,,,,,48.8607,2.2978
qb:419766,?,?,unresolved,,,,,48.8607,2.2978
qb:419795,?,?,unresolved,,,,,48.8607,2.2978
qb:419954,,,unresolved,,,,,48.8607,2.2978
qb:420263,Asie,Asie,unresolved,,,,,48.8607,2.2978
qb:420356,?,?,unresolved,,,,,48.8607,2.2978
qb:420409,?,?,unresolved,,,,,48.8607,2.2978
qb:420412,?,?,unresolved,,,,,48.8607,2.2978
qb:420442,Asie,Asie,unresolved,,,,,48.8607,2.2978
qb:420460,?,?,unresolved,,,,,48.8607,2.2978
qb:420462,?,?,unresolved,,,,,48.8607,2.2978
qb:420499,?,?,unresolved,,,,,48.8607,2.2978
qb:420508,?,?,unresolved,,,,,48.8607,2.2978
qb:420530,?,?,unresolved,,,,,48.8607,2.2978
qb:420623,?,?,unresolved,,,,,48.8607,2.2978
qb:420696,Europe,Europe,unresolved,,,,,48.8607,2.2978
qb:420697,Europe,Europe,unresolved,,,,,48.8607,2.2978
qb:420887,Océanie,Océanie,unresolved,,,,,48.8607,2.2978
qb:421148,,,unresolved,,,,,48.8607,2.2978
qb:421149,,,unresolved,,,,,48.8607,2.2978
qb:421150,,,unresolved,,,,,48.8607,2.2978
qb:421153,,,unresolved,,,,,48.8607,2.2978
qb:421154,,,unresolved,,,,,48.8607,2.2978
qb:421155,,,unresolved,,,,,48.8607,2.2978
qb:421156,Francia,France,country,46.6034,1.8883,Francia,France,48.8607,2.2978
qb:421157,Francia,France,country,46.6034,1.8883,Francia,France,48.8607,2.2978
qb:422687,?,?,unresolved,,,,,48.8607,2.2978
qb:432677,"Bangkok, Tailandia","Bangkok, Thailand",site,13.7563,100.5018,Tailandia,Thailand,48.8607,2.2978
qb:432954,"Isabel, islas Salomón","Isabel, Solomon Islands",region,-8.133,159.583,Islas Salomón,Solomon Islands,48.8607,2.2978
qb:437532,Europe occidentale,Europe occidentale,unresolved,,,,,48.8607,2.2978
qb:1011229,Francia,France,country,46.6034,1.8883,Francia,France,48.8607,2.2978
qb:1047737,Indonesia,Indonesia,country,-0.7893,113.9213,Indonesia,Indonesia,48.8607,2.2978
