objectID,origin_label,origin_precision,origin_lat,origin_lon,museum_lat,museum_lon
bm:Y_EA24,Excavated/Findspot: Fort Saint Julien,site,31.4022,30.4181,51.5194,-0.127
bm:Y_EA1770,"Excavated/Findspot: Kawa, Temple T, in area E of south-eastern part of temple (Macadam II, pl. 12).",site,19.08,30.36,51.5194,-0.127
bm:W_1848-1104-1,Excavated/Findspot: Nimrud,site,36.0994,43.325,51.5194,-0.127
bm:A_1830-0612-4,Found/Acquired: Trincomalee (near),site,8.5711,81.2335,51.5194,-0.127
bm:E_Af1898-0115-27,Found/Acquired: Benin City,site,6.335,5.6037,51.5194,-0.127
bm:E_Af1898-0115-28,Found/Acquired: Benin City,site,6.335,5.6037,51.5194,-0.127
bm:E_Af1898-0115-29,Found/Acquired: Benin City,site,6.335,5.6037,51.5194,-0.127
bm:E_Af1898-0115-30,Found/Acquired: Benin City,site,6.335,5.6037,51.5194,-0.127
bm:E_Af1898-0115-32,Found/Acquired: Benin City,site,6.335,5.6037,51.5194,-0.127
