objectID,sourceMuseum,sourceObjectID,title,objectName,department,culture,period,dynasty,objectDate,medium,creditLine,accessionYear,excavation,geographyType,country,region,subregion,primaryImage,objectURL,objectWikidata_URL
met:36203,met,36203,Cultivating Longevity,Hanging scroll,Asian Art,China,Qing dynasty (1644–1911) or Republic period (1912–49),,likely 1923,Hanging scroll; ink on paper,"Gift of Robert Hatfield Ellsworth, in memory of La Ferne Hatfield Ellsworth, 1986",1986,,,,,,,https://www.metmuseum.org/art/collection/search/36203,https://www.wikidata.org/wiki/Q116394982
met:36204,met,36204,Chanting on Donkey-back,Folding fan mounted as an album leaf,Asian Art,China,,,dated 1919,Folding fan mounted as an album leaf; ink and color on alum paper,"Gift of Robert Hatfield Ellsworth, in memory of La Ferne Hatfield Ellsworth, 1986",1986,,,,,,,https://www.metmuseum.org/art/collection/search/36204,
met:36205,met,36205,Hezhang Peak,Folding fan mounted as an album leaf,Asian Art,China,,,dated 1921,Folding fan mounted as an album leaf; ink and color on alum paper,"Gift of Robert Hatfield Ellsworth, in memory of La Ferne Hatfield Ellsworth, 1986",1986,,,,,,,https://www.metmuseum.org/art/collection/search/36205,
met:36207,met,36207,Ouyang Xiu Reading at Midnight,Hanging scroll,Asian Art,China,,,early 20th century,Hanging scroll; ink and color on paper,"Gift of Robert Hatfield Ellsworth, in memory of La Ferne Hatfield Ellsworth, 1986",1986,,,,,,,https://www.metmuseum.org/art/collection/search/36207,
met:36209,met,36209,Orchid in a Vase,Hanging scroll,Asian Art,China,Qing dynasty (1644–1911),,dated 1902,Hanging scroll; ink on paper,"Gift of Robert Hatfield Ellsworth, in memory of La Ferne Hatfield Ellsworth, 1986",1986,,,,,,,https://www.metmuseum.org/art/collection/search/36209,
met:38945,met,38945,Hanuman Conversing,Figure,Asian Art,India (Tamil Nadu),Chola period,,11th century,Copper alloy,"Purchase, various donors and funds, by exchange, 1982",1982,,,,,,https://images.metmuseum.org/CRDImages/as/original/DT5250.jpg,https://www.metmuseum.org/art/collection/search/38945,https://www.wikidata.org/wiki/Q83562134
met:38947,met,38947,Standing Shiva,Figure,Asian Art,India (Kerala),,,ca. 13th century,Bronze,"Gift of Margery and Harry Kahn, 1979",1979,,,,,,https://images.metmuseum.org/CRDImages/as/original/1979_508.jpg,https://www.metmuseum.org/art/collection/search/38947,
met:38948,met,38948,Seated Buddha,Figurine,Asian Art,Cambodia or Thailand,pre-Angkor period,,7th–8th century,Bronze,"Gift of Mr. and Mrs. Michael Phillips, 1981",1981,,,,,,https://images.metmuseum.org/CRDImages/as/original/1981_462_2_227589.jpg,https://www.metmuseum.org/art/collection/search/38948,
met:38949,met,38949,"Bodhisattva, possibly Maitreya",Figure,Asian Art,Northeastern Thailand,,,first quarter of the 8th century,Copper alloy with tin,"Purchase, Friends of Asian Art Gifts, 1989",1989,,,,,,https://images.metmuseum.org/CRDImages/as/original/LK.1989.151_DP291665R1_25U.jpg,https://www.metmuseum.org/art/collection/search/38949,https://www.wikidata.org/wiki/Q116374480
met:38951,met,38951,Buddha Preaching,Figure,Asian Art,"Plai Bat II Temple, Lahan Sai District, Buriram Province, Thailand",,,8th century,Copper alloy inlaid with silver and glass or obsidian,"Rogers Fund, 1982",1982,,,,,,https://images.metmuseum.org/CRDImages/as/original/LK.1982.220.5_DP310130R2_25U.jpg,https://www.metmuseum.org/art/collection/search/38951,https://www.wikidata.org/wiki/Q83562137
met:41772,met,41772,Ink Tablet with Tang Mirror Design,Ink tablet,Asian Art,China,late Qing dynasty (1644–1911) or early Republic period (1912–49),,late 19th–early 20th century,Black ink,"Rogers Fund, 1930",1930,,,,,,https://images.metmuseum.org/CRDImages/as/original/30_76_194_79225.jpg,https://www.metmuseum.org/art/collection/search/41772,
met:41774,met,41774,Child Lying Down,Figure,Asian Art,Japan,Edo period (1615–1868),,late 18th–first half of 19th century,Porcelain with underglaze blue and overglaze enamels (Hirado ware),"Gift of Mrs. V. Everit Macy, 1923",1923,,,,,,https://images.metmuseum.org/CRDImages/as/original/23_225_80_O1_sf.jpg,https://www.metmuseum.org/art/collection/search/41774,
met:41775,met,41775,Ink stick,Ink stick,Asian Art,China,Qing dynasty (1644–1911),,after 1850,Ink,"Rogers Fund, 1930",1930,,,,,,,https://www.metmuseum.org/art/collection/search/41775,
met:41776,met,41776,Ink Tablet with Peach Tree,Ink tablet,Asian Art,China,late Qing dynasty (1644–1911) or early Republic period (1912–49),,late 19th–early 20th century,Black ink,"Rogers Fund, 1930",1930,,,,,,https://images.metmuseum.org/CRDImages/as/original/DP225822.jpg,https://www.metmuseum.org/art/collection/search/41776,
met:41778,met,41778,Ink Tablet with Two Phoenixes Design,Ink tablet,Asian Art,China,late Qing dynasty (1644–1911) or early Republic period (1912–49),,late 19th–early 20th century,Ink,"Rogers Fund, 1930",1930,,,,,,https://images.metmuseum.org/CRDImages/as/original/30_76_199_B.jpg,https://www.metmuseum.org/art/collection/search/41778,
met:44396,met,44396,Pig in Recumbent Position,Figure,Asian Art,China,Eastern Han dynasty (25–220),,1st–2nd century,Jade (nephrite),"Charlotte C. and John C. Weber Collection, Gift of Charlotte C. and John C. Weber, 1994",1994,,,,,,https://images.metmuseum.org/CRDImages/as/original/DP-17989-049.jpg,https://www.metmuseum.org/art/collection/search/44396,https://www.wikidata.org/wiki/Q116395928
met:44398,met,44398,Spearhead,Spearhead,Asian Art,China,"Eastern Zhou dynasty, Warring States period (475–221 BCE)",,Bashu culture 4th–3rd century BCE,Bronze,"Charlotte C. and John C. Weber Collection, Gift of Charlotte C. and John C. Weber, 1994",1994,,,,,,https://images.metmuseum.org/CRDImages/as/original/DP-37009-001.jpg,https://www.metmuseum.org/art/collection/search/44398,https://www.wikidata.org/wiki/Q116314370
met:44399,met,44399,Roof-Tile End with Auspicious Inscription,Tile,Asian Art,China,Western Han dynasty (206 BCE–9 CE),,,Earthenware,"Charlotte C. and John C. Weber Collection, Gift of Charlotte C. and John C. Weber, 1994",1994,,,,,,https://images.metmuseum.org/CRDImages/as/original/1994_605_99.JPG,https://www.metmuseum.org/art/collection/search/44399,https://www.wikidata.org/wiki/Q116314369
met:44400,met,44400,Pair of Octagonal Sticks,Sticks,Asian Art,China,Western Han dynasty (206 BCE–9 CE),,2nd–1st century BCE,Cannel coal,"Charlotte C. and John C. Weber Collection, Gift of Charlotte C. and John C. Weber, 1994",1994,,,,,,https://images.metmuseum.org/CRDImages/as/original/1994_605_100_O1.jpg,https://www.metmuseum.org/art/collection/search/44400,
met:44402,met,44402,Pair of Turquoise-Blue Plugs,Plugs,Asian Art,China,late Warring States (475–221 BCE)–Western Han (206 BCE),,ca. 3rd century BCE,Gilt turquoise glass,"Charlotte C. and John C. Weber Collection, Gift of Charlotte C. and John C. Weber, 1994",1994,,,,,,https://images.metmuseum.org/CRDImages/as/original/1994_605_102_O1.jpg,https://www.metmuseum.org/art/collection/search/44402,
met:45836,met,45836,Seated Figure of Amida,Figure,Asian Art,Japan,,,,Stoneware,"Rogers Fund, 1912",1912,,,,,,,https://www.metmuseum.org/art/collection/search/45836,
met:45838,met,45838,Vase with cover,Vase with cover,Asian Art,Japan,Edo period (1615–1868),,1720,"Porcelain decorated with enamels (Arita ware, Imari type)","Gift of Mrs. V. Everit Macy, 1923",1923,,,,,,https://images.metmuseum.org/CRDImages/as/original/55588.jpg,https://www.metmuseum.org/art/collection/search/45838,
met:45839,met,45839,Vase with cover,Vase with cover,Asian Art,Japan,Edo period (1615–1868),,1720,"Porcelain decorated with enamels (Arita ware, Imari type)","Gift of Mrs. V. Everit Macy, 1923",1923,,,,,,https://images.metmuseum.org/CRDImages/as/original/55589.jpg,https://www.metmuseum.org/art/collection/search/45839,
met:45840,met,45840,Figure of a civil official,Figure,Asian Art,China,Tang dynasty (618–907),,7th–8th century,Earthenware with glaze and pigments,"Gift of Mrs. Edward S. Harkness, 1923",1923,,,,,,https://images.metmuseum.org/CRDImages/as/original/52854.jpg,https://www.metmuseum.org/art/collection/search/45840,
met:45842,met,45842,White-Robed Guanyin,Figure,Asian Art,China,Qing dynasty (1644–1911),,18th century,Porcelain with white glaze (Dehua ware),"Bequest of Mary Stillman Harkness, 1950",1950,,,,,,https://images.metmuseum.org/CRDImages/as/original/DP-18152-001.jpg,https://www.metmuseum.org/art/collection/search/45842,
met:76035,met,76035,Prince A'zam Shah Enters Ahmedabad,Illustrated single work,Islamic Art,,,,ca. 1701,Color and gold on paper,"Howard Hodgkin Collection, Purchase, various funds, 2022",2022,,Country of Origin,India,,,https://images.metmuseum.org/CRDImages/is/original/DP-28147-001.jpg,https://www.metmuseum.org/art/collection/search/76035,https://www.wikidata.org/wiki/Q50812738
met:80390,met,80390,Woman's Cape,Cape,Islamic Art,,,,late 19th–early 20th century,"Silk, cotton, wool, metal wrapped thread, metal, and paper","Purchase, Gifts in memory of Paul M. Ettesvold, and Judith and Gerson Leiber Fund, 1994",1994,,Made in,Syria,,,,https://www.metmuseum.org/art/collection/search/80390,
met:80721,met,80721,Coat,Coat,Islamic Art,,,,late 19th–early 20th century,Silk; ikat woven,"Gift of Beatrice Trum Hunter, 1993",1993,,Made in,,,,,https://www.metmuseum.org/art/collection/search/80721,
met:85498,met,85498,Coat,Coat,Islamic Art,,,,18th–19th century,"Silk, metal wrapped thread, cotton; brocaded","Gift of Mr. and Mrs. Clarence Stein, 1962",1962,,Made in,,Middle East,,https://images.metmuseum.org/CRDImages/is/original/CI62.55.5_F.jpg,https://www.metmuseum.org/art/collection/search/85498,
met:85500,met,85500,Coat,Coat,Islamic Art,,,,1875–1940,Silk; ikat woven,"Gift of Bella Spewack, 1940",1940,,Made in,present-day Uzbekistan,,,,https://www.metmuseum.org/art/collection/search/85500,
met:85501,met,85501,Kaftan,Kaftan,Islamic Art,,,,19th century–early 20th century,"Cotton, silk; ikat woven","Purchase, Irene Lewisohn Bequest, 1971",1971,,From,present-day Uzbekistan,,,,https://www.metmuseum.org/art/collection/search/85501,
met:85503,met,85503,Robe,Robe,Islamic Art,,,,19th century,"Silk, cotton; ikat woven","Gift of The Arthur and Madeleine Lejwa Collection, 1975",1975,,Made in,present-day Uzbekistan,,,https://images.metmuseum.org/CRDImages/is/original/1975.388.1_F.jpg,https://www.metmuseum.org/art/collection/search/85503,
met:85505,met,85505,Dress,Dress,Islamic Art,,,,20th century,Silk; embroidered,"Gift of Mr. and Mrs. Clarence Stein, 1962",1962,,Made in,,Middle East,,,https://www.metmuseum.org/art/collection/search/85505,
met:89985,met,89985,Headscarf,Headscarf,The Michael C. Rockefeller Wing,Guatemalan,,,20th century,cotton,"Gift of Dr. and Mrs. Emile Gordon Stoloff, 1951",1951,,,Guatemala,,,,https://www.metmuseum.org/art/collection/search/89985,
met:90277,met,90277,Brooch,Brooch,The Michael C. Rockefeller Wing,Peruvian,,,first quarter 20th century,"metal, glass","Gift of Hilary Knight, in memory of Katharine Sturges Knight, 1984",1984,,,Peru,,,,https://www.metmuseum.org/art/collection/search/90277,
met:96404,met,96404,Woman's Embroidered Wrapper (Ntshakokot),Skirt,The Michael C. Rockefeller Wing,Kuba peoples,,,early 20th century,"Raffia, reed","Purchase, Various Donors by Exchange, 1991",1991,,,Democratic Republic of the Congo,,,,https://www.metmuseum.org/art/collection/search/96404,
met:105510,met,105510,Shoes,Shoes,The Michael C. Rockefeller Wing,Huron,,,1830–40,"Wool, silk, moosehair","Gift of Mrs. Harry R. Radin, 1937",1937,,,United States,,,https://images.metmuseum.org/CRDImages/ao/original/CI37.1.3ab_F.jpg,https://www.metmuseum.org/art/collection/search/105510,
met:123386,met,123386,Shirt,Shirt(?),The Michael C. Rockefeller Wing,Guatemala,,,1800–1939,cotton,"Gift of Miss Alice de La Mar, 1939",1939,,,Guatemala,,,,https://www.metmuseum.org/art/collection/search/123386,
met:240028,met,240028,Amphora,Amphora,Greek and Roman Art,Cypriot,Cypro-Archaic I,,750–600 BCE,Terracotta,"The Cesnola Collection, Purchased by subscription, 1874–76",1874,,,,,,https://images.metmuseum.org/CRDImages/gr/original/LC-74_51_442.jpg,https://www.metmuseum.org/art/collection/search/240028,
met:240029,met,240029,Jug,Jug,Greek and Roman Art,Cypriot,Cypro-Archaic I,,750–600 BCE,Terracotta,"The Cesnola Collection, Purchased by subscription, 1874–76",1874,,,,,,https://images.metmuseum.org/CRDImages/gr/original/LC-74_51_443.jpg,https://www.metmuseum.org/art/collection/search/240029,
met:240032,met,240032,Terracotta jug,Jug,Greek and Roman Art,Cypriot,Cypro-Archaic II,,600–480 BCE,Terracotta,"The Cesnola Collection, Purchased by subscription, 1874–76",1874,,,,,,https://images.metmuseum.org/CRDImages/gr/original/LC-74_51_446.jpg,https://www.metmuseum.org/art/collection/search/240032,
met:240033,met,240033,Jug,Jug,Greek and Roman Art,Cypriot,Cypro-Geometric III,,850–750 BCE,Terracotta,"The Cesnola Collection, Purchased by subscription, 1874–76",1874,,,,,,https://images.metmuseum.org/CRDImages/gr/original/LC-74_51_447.jpg,https://www.metmuseum.org/art/collection/search/240033,
met:240036,met,240036,Terracotta juglet,Juglet,Greek and Roman Art,Cypriot,Cypro-Archaic II,,600–480 BCE,Terracotta,"The Cesnola Collection, Purchased by subscription, 1874–76",1874,,,,,,https://images.metmuseum.org/CRDImages/gr/original/DP121726.jpg,https://www.metmuseum.org/art/collection/search/240036,https://www.wikidata.org/wiki/Q116297254
met:241666,met,241666,Terracotta oil lamp,Lamp,Greek and Roman Art,"Roman, Cypriot",Early Imperial,,1st century CE,Terracotta,"The Cesnola Collection, Purchased by subscription, 1874–76",1874,,,,,,https://images.metmuseum.org/CRDImages/gr/original/DP-22527-260.jpg,https://www.metmuseum.org/art/collection/search/241666,
met:241667,met,241667,Terracotta oil lamp,Lamp,Greek and Roman Art,Roman,Early Imperial,,1st century BCE–1st century CE,Terracotta,"The Cesnola Collection, Purchased by subscription, 1874–76",1874,,,,,,https://images.metmuseum.org/CRDImages/gr/original/DP-19673-020.jpg,https://www.metmuseum.org/art/collection/search/241667,
met:241670,met,241670,Terracotta oil lamp,Lamp,Greek and Roman Art,Roman,Early Imperial,,1st half of 1st century CE,Terracotta,"The Cesnola Collection, Purchased by subscription, 1874–76",1874,,,,,,https://images.metmuseum.org/CRDImages/gr/original/DP-19673-094.jpg,https://www.metmuseum.org/art/collection/search/241670,
met:241671,met,241671,Terracotta oil lamp,Lamp,Greek and Roman Art,Roman,Early Imperial,,1st half of 1st century CE,Terracotta,"The Cesnola Collection, Purchased by subscription, 1874–76",1874,,,,,,https://images.metmuseum.org/CRDImages/gr/original/DP-22527-262.jpg,https://www.metmuseum.org/art/collection/search/241671,
met:241674,met,241674,Terracotta oil lamp,Lamp,Greek and Roman Art,Roman,Early Imperial,,1st century CE,Terracotta,"The Cesnola Collection, Purchased by subscription, 1874–76",1874,,,,,,https://images.metmuseum.org/CRDImages/gr/original/DP-22527-265.jpg,https://www.metmuseum.org/art/collection/search/241674,https://www.wikidata.org/wiki/Q116401889
met:244348,met,244348,Strigil blade,Strigil blade,Greek and Roman Art,"Roman, Cypriot",,,,Bronze,"The Cesnola Collection, Purchased by subscription, 1874–76",1874,,,,,,https://images.metmuseum.org/CRDImages/gr/original/DP2299.jpg,https://www.metmuseum.org/art/collection/search/244348,
met:244349,met,244349,Strigil,Strigil,Greek and Roman Art,Cypriot,,,5th century BCE,Bronze,"The Cesnola Collection, Purchased by subscription, 1874–76",1874,,,,,,https://images.metmuseum.org/CRDImages/gr/original/DP9102.jpg,https://www.metmuseum.org/art/collection/search/244349,
met:244352,met,244352,Ring,Ring,Greek and Roman Art,Cypriot,,,,Bronze,"The Cesnola Collection, Purchased by subscription, 1874–76",1874,,,,,,https://images.metmuseum.org/CRDImages/gr/original/DP2291.jpg,https://www.metmuseum.org/art/collection/search/244352,
met:244353,met,244353,Bracelet,Bracelet,Greek and Roman Art,Cypriot,,,,Bronze,"The Cesnola Collection, Purchased by subscription, 1874–76",1874,,,,,,https://images.metmuseum.org/CRDImages/gr/original/DP2289.jpg,https://www.metmuseum.org/art/collection/search/244353,
met:244355,met,244355,Bracelet,Bracelet,Greek and Roman Art,Cypriot,,,,Bronze,"The Cesnola Collection, Purchased by subscription, 1874–76",1874,,,,,,https://images.metmuseum.org/CRDImages/gr/original/DP2290.jpg,https://www.metmuseum.org/art/collection/search/244355,
met:246740,met,246740,Terracotta relief plaque with head of Medusa,Head of Medusa,Greek and Roman Art,Greek,Hellenistic,,2nd century BCE,Terracotta,"Gift of F. W. Rhinelander, 1898",1898,,,,,,https://images.metmuseum.org/CRDImages/gr/original/DP229133.jpg,https://www.metmuseum.org/art/collection/search/246740,https://www.wikidata.org/wiki/Q116288506
met:246741,met,246741,Terracotta relief plaque with head of Medusa,Head of Medusa,Greek and Roman Art,Greek,Hellenistic,,2nd century BCE,Terracotta,"Gift of F. W. Rhinelander, 1898",1898,,,,,,https://images.metmuseum.org/CRDImages/gr/original/DP229134.jpg,https://www.metmuseum.org/art/collection/search/246741,https://www.wikidata.org/wiki/Q116288500
met:246744,met,246744,Terracotta Megarian bowl,Bowl,Greek and Roman Art,"Greek, Argive",Hellenistic,,ca. 165–150 BCE,Terracotta,"Gift of F. W. Rhinelander, 1898",1898,,,,,,https://images.metmuseum.org/CRDImages/gr/original/DP1459.jpg,https://www.metmuseum.org/art/collection/search/246744,https://www.wikidata.org/wiki/Q116288496
met:246745,met,246745,Portrait bust of a woman,Portrait bust of a woman,Greek and Roman Art,,,,,Terracotta,"Gift of F. W. Rhinelander, 1898",1898,,,,,,,https://www.metmuseum.org/art/collection/search/246745,
met:246748,met,246748,Head of a woman,Head of a woman,Greek and Roman Art,"Greek, South Italian",Hellenistic,,3rd century BCE,Terracotta,"Gift of F. W. Rhinelander, 1898",1898,,,,,,,https://www.metmuseum.org/art/collection/search/246748,
met:247913,met,247913,Terracotta skyphos (deep drinking cup),"Skyphos, glaux",Greek and Roman Art,Etruscan,Hellenistic,,ca. 325–300 BCE,Terracotta,"Rogers Fund, 1907",1907,,,,,,https://images.metmuseum.org/CRDImages/gr/original/DP145991.jpg,https://www.metmuseum.org/art/collection/search/247913,https://www.wikidata.org/wiki/Q116296720
met:247914,met,247914,Terracotta oinochoe: olpe (jug),Olpe,Greek and Roman Art,"Greek, Attic",Classical,,ca. 460–440 BCE,Terracotta,"Rogers Fund, 1907",1907,,,,,,https://images.metmuseum.org/CRDImages/gr/original/DP118142.jpg,https://www.metmuseum.org/art/collection/search/247914,https://www.wikidata.org/wiki/Q116296628
met:247917,met,247917,Terracotta aryballos (perfume vase),Aryballos,Greek and Roman Art,"Greek, Corinthian",Early Corinthian,,ca. 620–590 BCE,Terracotta,"Rogers Fund, 1907",1907,,,,,,https://images.metmuseum.org/CRDImages/gr/original/DP-16760-001.jpg,https://www.metmuseum.org/art/collection/search/247917,https://www.wikidata.org/wiki/Q116402379
met:247918,met,247918,Terracotta aryballos (perfume vase),Aryballos,Greek and Roman Art,"Greek, Corinthian",Protocorinthian,,7th century BCE,Terracotta,"Rogers Fund, 1907",1907,,,,,,https://images.metmuseum.org/CRDImages/gr/original/3823edited2.jpg,https://www.metmuseum.org/art/collection/search/247918,https://www.wikidata.org/wiki/Q116296627
met:247921,met,247921,Terracotta lekythos (oil flask),Lekythos,Greek and Roman Art,"Greek, Attic",Archaic,,ca. 520 BCE,Terracotta,"Rogers Fund, 1907",1907,,,,,,https://images.metmuseum.org/CRDImages/gr/original/DP1079.jpg,https://www.metmuseum.org/art/collection/search/247921,https://www.wikidata.org/wiki/Q116296623
met:307438,met,307438,Nose ornament,Nose ornament,The Michael C. Rockefeller Wing,Colombia,,,13th–16th century,Gold,"Museum Purchase, 1891",1891,,,Colombia,,,,https://www.metmuseum.org/art/collection/search/307438,
met:307726,met,307726,Spindle Whorl,Spindle whorl,The Michael C. Rockefeller Wing,Mexican,,,10th–early 16th century,Ceramic,"Museum Purchase, 1900",1900,,,Mexico,Mesoamerica,,https://images.metmuseum.org/CRDImages/ao/original/00.5.927.jpg,https://www.metmuseum.org/art/collection/search/307726,
met:307730,met,307730,Necklace of stone beads,Necklace,The Michael C. Rockefeller Wing,Guerrero,,,10th–early 16th century,Stone,"Museum Purchase, 1900",1900,,,Mexico,Mesoamerica,,https://images.metmuseum.org/CRDImages/ao/original/vs00_5_955.jpg,https://www.metmuseum.org/art/collection/search/307730,
met:307734,met,307734,Disk,Disk,The Michael C. Rockefeller Wing,Classic Veracruz,,,600–900 CE,"Slate, cinnabar","Museum Purchase, 1900",1900,,,Mexico,Mesoamerica,,https://images.metmuseum.org/CRDImages/ao/original/DT11605.jpg,https://www.metmuseum.org/art/collection/search/307734,
met:307738,met,307738,Mold for Female Figure,Mold,The Michael C. Rockefeller Wing,Toltec (?),,,10th–13th century,Ceramic,"Museum Purchase, 1900",1900,,,Mexico,Mesoamerica,,https://images.metmuseum.org/CRDImages/ao/original/00.5.1148_b.jpg,https://www.metmuseum.org/art/collection/search/307738,
met:309028,met,309028,Hammered Copper Half Dome,Dome,The Michael C. Rockefeller Wing,Peru; north coast (?),,,8th–mid-16th century,"Copper (hammered), gilt","Gift of Mr. and Mrs. Nathan Cummings, 1964",1964,,,Peru,,,https://images.metmuseum.org/CRDImages/ao/original/vs64_228_517.JPG,https://www.metmuseum.org/art/collection/search/309028,
met:309032,met,309032,Hammered Silver Miniature Crown,Crown,The Michael C. Rockefeller Wing,Peru; north or central coast (?),,,11th–mid-16th century,"Silver (hammered), gilt","Gift of Mr. and Mrs. Nathan Cummings, 1964",1964,,,Peru,,,https://images.metmuseum.org/CRDImages/ao/original/vs64_228_521.jpg,https://www.metmuseum.org/art/collection/search/309032,
met:309036,met,309036,Hammered Silver Miniature Crown,Crown,The Michael C. Rockefeller Wing,Peru; north or central coast (?),,,11th–mid-16th century,"Silver (hammered), gilt","Gift of Mr. and Mrs. Nathan Cummings, 1964",1964,,,Peru,,,https://images.metmuseum.org/CRDImages/ao/original/vs64_228_525.JPG,https://www.metmuseum.org/art/collection/search/309036,
met:309040,met,309040,Hammered Silver Miniature Crown,Crown,The Michael C. Rockefeller Wing,Peru; north or central coast (?),,,11th–mid-16th century,"Silver (hammered), gilt","Gift of Mr. and Mrs. Nathan Cummings, 1964",1964,,,Peru,,,https://images.metmuseum.org/CRDImages/ao/original/vs64_228_527_9.JPG,https://www.metmuseum.org/art/collection/search/309040,
met:311551,met,311551,Spear,Spear,The Michael C. Rockefeller Wing,Asmat people,,,mid-20th century,"Wood, cassowary claw, fiber, paint","The Michael C. Rockefeller Memorial Collection; Gift of Nelson A. Rockefeller and Mrs. Mary C. Rockefeller, 1965",1978,,,Indonesia,,,,https://www.metmuseum.org/art/collection/search/311551,
met:311555,met,311555,Spear,Spear,The Michael C. Rockefeller Wing,Asmat people,,,mid-20th century,"Wood, fiber, bamboo","The Michael C. Rockefeller Memorial Collection; Gift of Nelson A. Rockefeller and Mrs. Mary C. Rockefeller, 1965",1978,,,Indonesia,,,,https://www.metmuseum.org/art/collection/search/311555,
met:311559,met,311559,Spear,Spear,The Michael C. Rockefeller Wing,Asmat people,,,mid-20th century,Wood,"The Michael C. Rockefeller Memorial Collection; Gift of Nelson A. Rockefeller and Mrs. Mary C. Rockefeller, 1965",1978,,,Indonesia,,,,https://www.metmuseum.org/art/collection/search/311559,
met:311563,met,311563,Canoe Prow,Canoe prow,The Michael C. Rockefeller Wing,Asmat people,,,mid-20th century,"Wood, paint","The Michael C. Rockefeller Memorial Collection; Gift of Nelson A. Rockefeller and Mrs. Mary C. Rockefeller, 1965",1978,,,Indonesia,,,https://collectionapi.metmuseum.org/api/collection/v1/iiif/311563/645361/restricted,https://www.metmuseum.org/art/collection/search/311563,
met:314262,met,314262,Twin Figure: Female (Ibeji),Twin figure,The Michael C. Rockefeller Wing,Yoruba peoples,,,19th–20th century,"Wood, beads, camwood powder","Gift of Dr. Jeffrey S. Hammer, 1980",1980,,,Nigeria,,,,https://www.metmuseum.org/art/collection/search/314262,
met:314266,met,314266,Heddle Pulley: Female Figure,Heddle pulley,The Michael C. Rockefeller Wing,Asante,,,19th–20th century,Wood,"Gift of Mr. and Mrs. Robert S. Gilliam Jr., 1980",1980,,,Ghana,,,,https://www.metmuseum.org/art/collection/search/314266,
met:314270,met,314270,Heddle Pulley with Figure,Heddle pulley,The Michael C. Rockefeller Wing,Baule peoples,,,19th–20th century,Wood,"Gift of Mr. and Mrs. Robert S. Gilliam Jr., 1980",1980,,,Côte d'Ivoire,central Côte d'Ivoire,,,https://www.metmuseum.org/art/collection/search/314270,
met:314274,met,314274,Heddle Pulley with Figure,Heddle pulley,The Michael C. Rockefeller Wing,Baule peoples,,,19th–mid-20th century,"Wood, iron","Gift of Mr. and Mrs. Robert S. Gilliam Jr., 1980",1980,,,Côte d'Ivoire,central Côte d'Ivoire,,,https://www.metmuseum.org/art/collection/search/314274,
met:316716,met,316716,Whistle,Whistle,The Michael C. Rockefeller Wing,Cupisnique,,,1200–500 BCE,Ceramic,"Gift of Conny and Fred Landmann, 1992",1992,,,Peru,,,https://images.metmuseum.org/CRDImages/ao/original/DP-24270-001.jpg,https://www.metmuseum.org/art/collection/search/316716,
met:316720,met,316720,Stirrup Spout Bottle: Frog,Bottle,The Michael C. Rockefeller Wing,Moche,,,2nd–5th century,Ceramic,"Gift of Conny and Fred Landmann, 1992",1992,,,Peru,,,https://images.metmuseum.org/CRDImages/ao/original/DP-23894-001.jpg,https://www.metmuseum.org/art/collection/search/316720,
met:316724,met,316724,Serpent (tunjo),Figure,The Michael C. Rockefeller Wing,Muisca,,,10th–16th century,Gold,"Jan Mitchell and Sons Collection, Gift of Jan Mitchell, 1992",1992,,,Colombia,,,https://images.metmuseum.org/CRDImages/ao/original/DP-32945-001.jpg,https://www.metmuseum.org/art/collection/search/316724,
met:316728,met,316728,Bird Pendant,Pendant,The Michael C. Rockefeller Wing,Muisca,,,10th–16th century,Gold (cast),"Purchase, Gifts in memory of Alice K. Bache, and Rogers Fund, 1992",1992,,,Colombia,,,https://images.metmuseum.org/CRDImages/ao/original/DT6877.jpg,https://www.metmuseum.org/art/collection/search/316728,
met:321470,met,321470,Stamp seal (scaraboid) with monster,Stamp seal,Ancient West Asian Art,Assyrian,Neo-Assyrian,,late 8th–7th century BCE,Mottled black and brown Limestone,"The Cesnola Collection, Purchased by subscription, 1874–76",1874,,,,Northern Syria or eastern Anatolia,,https://images.metmuseum.org/CRDImages/an/original/ss74_51_4390gp.jpg,https://www.metmuseum.org/art/collection/search/321470,
met:322066,met,322066,Cuneiform tablet: fragment of the witness list of a contract (?),Cuneiform tablet,Ancient West Asian Art,Babylonian or Achaemenid,Neo-Babylonian or Achaemenid,,ca. 7th–4th century BCE,Clay,"Purchase, 1886",1886,,,,Mesopotamia,,https://images.metmuseum.org/CRDImages/an/original/vs86.11.508.jpg,https://www.metmuseum.org/art/collection/search/322066,
met:322624,met,322624,Relief: procession of captives,Relief,Ancient West Asian Art,Assyrian,Neo-Assyrian,,ca. 704–681 BCE,Gypsum alabaster,"Gift of John D. Rockefeller Jr., 1932",1932,,,,Mesopotamia,Nineveh,https://images.metmuseum.org/CRDImages/an/original/DP-13006-007.jpg,https://www.metmuseum.org/art/collection/search/322624,
met:322910,met,322910,Necklace beads,Beads,Ancient West Asian Art,Sumerian,Early Dynastic IIIa,,ca. 2600–2500 BCE,"Gold, lapis lazuli","Dodge Fund, 1933",1933,,,,Mesopotamia,Ur (modern Tell al-Muqayyar),https://images.metmuseum.org/CRDImages/an/original/DP-23659-001.jpg,https://www.metmuseum.org/art/collection/search/322910,
met:323174,met,323174,Lamp,Lamp,Ancient West Asian Art,Israelite,Iron Age II,,ca. late 8th–7th century BCE,Ceramic,"Gift of Harris D. and H. Dunscombe Colt, 1934",1934,,,,Levant,Lachish (modern Tell ed-Duweir),https://images.metmuseum.org/CRDImages/an/original/me34_126_64.jpg,https://www.metmuseum.org/art/collection/search/323174,
met:323610,met,323610,Plaque fragment,Relief,Ancient West Asian Art,Old Assyrian Trading Colony,Middle Bronze Age–Old Assyrian Trading Colony,,ca. 18th century BCE,Ivory,"Gift of Mrs. George D. Pratt, in memory of George D. Pratt, 1937",1937,,,,Anatolia,probably from Acemhöyük,https://images.metmuseum.org/CRDImages/an/original/DP110518.jpg,https://www.metmuseum.org/art/collection/search/323610,
met:323950,met,323950,Tripod bowl,Bowl,Ancient West Asian Art,Iran,Middle Bronze Age,,ca. 2000–1600 BCE,Ceramic,"Rogers Fund, 1943",1943,,,,"Iran, Luristan",Kamterlan II,https://images.metmuseum.org/CRDImages/an/original/ME43_89_8.jpg,https://www.metmuseum.org/art/collection/search/323950,
met:324116,met,324116,Female head with elaborate hairstyle,Sculpture,Ancient West Asian Art,,Early Dynastic IIIa,,ca. 2600–2500 BCE,Gypsum alabaster,"Rogers Fund and Gifts of Lucy W. Drexel, Theodore M. Davis, Helen Miller Gould, Albert Gallatin, Egypt Exploration Fund and Egyptian Research Account, by exchange, 1950",1951,,,,Mesopotamia,Khafajah,https://images.metmuseum.org/CRDImages/an/original/DP-32540-001.jpg,https://www.metmuseum.org/art/collection/search/324116,
met:324797,met,324797,Section of a band with felines and heads of birds,Relief,Ancient West Asian Art,Iran,"Iron Age, Scythian",,ca. 7th century BCE,"Gold, glass paste","Funds from various donors, 1958",1958,,,,Iran,said to be from Ziwiye,https://images.metmuseum.org/CRDImages/an/original/DP-26515-001.jpg,https://www.metmuseum.org/art/collection/search/324797,
met:325417,met,325417,Jar,Jar,Ancient West Asian Art,Sumerian,Early Dynastic IIIa,,ca. 2600–2500 BCE,Gypsum alabaster,"Rogers Fund, 1962",1962,,,,Mesopotamia,Nippur,https://images.metmuseum.org/CRDImages/an/original/DP-15117-010.jpg,https://www.metmuseum.org/art/collection/search/325417,
met:325572,met,325572,Ivory fragment,Relief,Ancient West Asian Art,Assyrian,Neo-Assyrian,,ca. 9th–7th century BCE,Ivory,"Rogers Fund, 1962",1962,,,,Mesopotamia,Nimrud (ancient Kalhu),https://images.metmuseum.org/CRDImages/an/original/DP110697.jpg,https://www.metmuseum.org/art/collection/search/325572,
met:326082,met,326082,Ornament,Ornament,Ancient West Asian Art,,Early Bronze Age,,ca. late 3rd millennium BCE,Faience,"Rogers Fund, 1972",1972,,,,Mesopotamia,Tell Taya,https://images.metmuseum.org/CRDImages/an/original/DP-40342-001.jpg,https://www.metmuseum.org/art/collection/search/326082,
met:326373,met,326373,Cuneiform tablet case impressed with cylinder seal in Anatolian style,Cuneiform tablet case,Ancient West Asian Art,Old Assyrian Trading Colony,Middle Bronze Age–Old Assyrian Trading Colony,,ca. 20th–19th century BCE,Clay,"Purchase, Mrs. Peter Oliver Gift, 1977",1977,,,,Anatolia,probably from Kültepe (Karum Kanesh),https://images.metmuseum.org/CRDImages/an/original/me 1977_371.jpg,https://www.metmuseum.org/art/collection/search/326373,
met:326466,met,326466,Bead,Bead,Ancient West Asian Art,Parthian,Parthian,,ca. 1st century BCE–1st century CE,Glass,"Purchase, H. Dunscombe Colt Gift, 1978",1978,,,,Iran,Shahr-i Qumis (ancient Hecatompylos),https://images.metmuseum.org/CRDImages/an/original/DP-40313-001.jpg,https://www.metmuseum.org/art/collection/search/326466,
met:327079,met,327079,Cylinder seal,Cylinder seal,Ancient West Asian Art,Syrian,Middle Bronze Age,,ca. 18th–17th century BCE,"Hematite, black","Gift of Martin and Sarah Cherkasky, 1985",1985,,,,Syria,,https://images.metmuseum.org/CRDImages/an/original/ss1985_192_10.jpg,https://www.metmuseum.org/art/collection/search/327079,
met:327547,met,327547,Harness or bridle fitting (?) in the form of a mistress of animals and waterbirds,Harness or bridle fitting (?),Ancient West Asian Art,,Iron Age,,ca. 7th–6th century BCE,Bronze,"Purchase, Raymond and Beverly Sackler Gift, 1999",1999,,,,Iberian Peninsula,,https://images.metmuseum.org/CRDImages/an/original/DP-37951-001.jpg,https://www.metmuseum.org/art/collection/search/327547,
met:327754,met,327754,Cylinder seal,Cylinder seal,Ancient West Asian Art,,Old Syrian,,ca. 1820–1730 BCE,Hematite,"Gift of Nanette B. Kelekian, in memory of Charles Dikran and Beatrice Kelekian, 1999",1999,,,,Syria,,https://images.metmuseum.org/CRDImages/an/original/DP-38142-001.jpg,https://www.metmuseum.org/art/collection/search/327754,
met:328095,met,328095,Silver drachm,,Ancient West Asian Art,Seleucid,Seleucid,,ca. 145–141 BCE,Silver,"Bequest of Charles K. Wilkinson, 1986",1987,,,,Syria,,https://images.metmuseum.org/CRDImages/an/original/DP-40315-001.jpg,https://www.metmuseum.org/art/collection/search/328095,
met:328593,met,328593,Monstrous male figure,Sculpture,Ancient West Asian Art,Bactria-Margiana Archaeological Complex,Bronze Age,,ca. late 3rd–early 2nd millennium BCE,"Chlorite, calcite, gold, iron","Purchase, 2009 Benefit Fund, Friends of Inanna Gifts, and Mr. and Mrs. Horiuchi Gift, 2010",2010,,,,Bactria-Margiana or eastern Iran,,https://images.metmuseum.org/CRDImages/an/original/dp22227.jpg,https://www.metmuseum.org/art/collection/search/328593,
met:328744,met,328744,Earring,Earring,Ancient West Asian Art,Parthian,Parthian,,ca. 1st–2nd century,Gold,Museum Accession,,,,,Mesopotamia or Iran,,https://images.metmuseum.org/CRDImages/an/original/DP-1115-001.jpg,https://www.metmuseum.org/art/collection/search/328744,
met:329067,met,329067,Foundation figure of Ur-Namma holding a basket,Foundation figure,Ancient West Asian Art,Neo-Sumerian,Ur III,,ca. 2112–2095 BCE,Copper alloy,"Gift of Mrs. William H. Moore, 1947",1947,,,,Mesopotamia,,https://images.metmuseum.org/CRDImages/an/original/DP375097.jpg,https://www.metmuseum.org/art/collection/search/329067,
met:445491,met,445491,Ceramic Fragment,Fragment,Islamic Art,,,,14th–15th century,Earthenware; incised decoration through white slip and coloring under transparent glaze,"Rogers Fund, 1908",1908,,Attributed to,Egypt,,,https://images.metmuseum.org/CRDImages/is/original/sf08-256-201a.jpg,https://www.metmuseum.org/art/collection/search/445491,
met:445493,met,445493,Ceramic Fragment,Fragment,Islamic Art,,,,14th–15th century,Earthenware; incised decoration through white slip and coloring under transparent glaze,"Rogers Fund, 1908",1908,,Attributed to,Egypt,,,https://images.metmuseum.org/CRDImages/is/original/sf08-256-204a.jpg,https://www.metmuseum.org/art/collection/search/445493,
met:445495,met,445495,Ceramic Fragment,Fragment,Islamic Art,,,,14th–15th century,Earthenware; incised decoration through white slip and coloring under transparent glaze,"Rogers Fund, 1908",1908,,Attributed to,Egypt,,,https://images.metmuseum.org/CRDImages/is/original/sf08-256-206a.jpg,https://www.metmuseum.org/art/collection/search/445495,
met:445497,met,445497,Ceramic Fragment,Fragment,Islamic Art,,,,14th–15th century,Earthenware; glazed over slip,"Rogers Fund, 1908",1908,,Attributed to,Egypt,,,https://images.metmuseum.org/CRDImages/is/original/sf08-256-208a.jpg,https://www.metmuseum.org/art/collection/search/445497,
met:446966,met,446966,Scarf,Scarf,Islamic Art,,,,19th century,Silk,"Rogers Fund, 1917",1917,,Attributed to,probably Iran,,,,https://www.metmuseum.org/art/collection/search/446966,
met:446968,met,446968,Hanging,Hanging,Islamic Art,,,,18th century,"Cotton, silk; embroidered","Rogers Fund, 1917",1917,,Attributed to,present-day Uzbekistan,,,https://images.metmuseum.org/CRDImages/is/original/36934.jpg,https://www.metmuseum.org/art/collection/search/446968,
met:446970,met,446970,Textile Fragment,Textile fragment,Islamic Art,,,,16th century,"Cotton, silk; embroidered","Rogers Fund, 1917",1917,,Attributed to,present-day Uzbekistan,,,https://images.metmuseum.org/CRDImages/is/original/36933.jpg,https://www.metmuseum.org/art/collection/search/446970,
met:446973,met,446973,Tile,Tile,Islamic Art,,,,late 16th century,Stonepaste; mosaic,"Gift of Philip M. Lydig, 1917",1917,,Attributed to,present-day Uzbekistan,,,https://images.metmuseum.org/CRDImages/is/original/sf17-143-3.jpg,https://www.metmuseum.org/art/collection/search/446973,
met:448266,met,448266,"Dish with Carved Arabic Inscription in Floriated Kufic Reading ""al-'izz"" (""Glory"")",Dish,Islamic Art,,,,11th century,Stonepaste; carved and glazed,"H. O. Havemeyer Collection, Gift of Horace Havemeyer, 1929",1929,,Attributed to,Iran,,,https://images.metmuseum.org/CRDImages/is/original/DP247849.jpg,https://www.metmuseum.org/art/collection/search/448266,
met:448268,met,448268,Bowl,Bowl,Islamic Art,,,,12th century,Earthenware; glazed,"H. O. Havemeyer Collection, Gift of Horace Havemeyer, 1929",1929,,Attributed to,Syria,,,https://images.metmuseum.org/CRDImages/is/original/sf29-160-10b.jpg,https://www.metmuseum.org/art/collection/search/448268,
met:448270,met,448270,Bowl,Bowl,Islamic Art,,,,12th century,Earthenware; glazed,"H. O. Havemeyer Collection, Gift of Horace Havemeyer, 1929",1929,,Attributed to,Iran,,,https://images.metmuseum.org/CRDImages/is/original/sf29-160-12c.jpg,https://www.metmuseum.org/art/collection/search/448270,
met:448273,met,448273,Bowl,Bowl,Islamic Art,,,,second half 12th century,Stonepaste; incised and underglaze painted (so-called lakabi ware),"H. O. Havemeyer Collection, Gift of Horace Havemeyer, 1929",1929,,Made in,Syria,,,https://images.metmuseum.org/CRDImages/is/original/Cbowl29.160.15.jpg,https://www.metmuseum.org/art/collection/search/448273,
met:448735,met,448735,Bottom of a Cup,Fragment of a cup,Islamic Art,,,,7th–9th century,Glass,"Rogers Fund, 1932",1932,,Found/excavated,Iraq,,,https://images.metmuseum.org/CRDImages/is/original/sf32-150-233.jpg,https://www.metmuseum.org/art/collection/search/448735,
met:448737,met,448737,Glass Fragment,Fragment,Islamic Art,,,,9th–11th century,Glass,"Rogers Fund, 1932",1932,,From,Iraq,,,https://images.metmuseum.org/CRDImages/is/original/sf32-150-237a.jpg,https://www.metmuseum.org/art/collection/search/448737,
met:448739,met,448739,Ceramic Fragment,Fragment,Islamic Art,,,,9th century,Earthenware; glazed,"Rogers Fund, 1932",1932,,Found/excavated,Iraq,,,https://images.metmuseum.org/CRDImages/is/original/sf32-150-241a.jpg,https://www.metmuseum.org/art/collection/search/448739,
met:448741,met,448741,Glass Fragment,Fragment,Islamic Art,,,,6th–7th century,Glass; mold and optic blown,"Rogers Fund, 1932",1932,,Found/excavated,Iraq,,,https://images.metmuseum.org/CRDImages/is/original/sf32-150-245a.jpg,https://www.metmuseum.org/art/collection/search/448741,
met:448742,met,448742,Handle,Handle,Islamic Art,,,,8th–9th century,Glass; tooled,"Rogers Fund, 1932",1932,,Found/excavated,Iraq,,,https://images.metmuseum.org/CRDImages/is/original/sf32-150-246a.jpg,https://www.metmuseum.org/art/collection/search/448742,
met:543863,met,543863,False Door of the Royal Sealer Neferiu,"False door, Neferiu, Wedjebet",Egyptian Art,,Old Kingdom–First Intermediate Period,Dynasty 8–11,ca. 2150–2010 B.C.,"Limestone, paint","Gift of J. Pierpont Morgan, 1912",1912,,Probably from,,Northern Upper Egypt,Dendera area,https://images.metmuseum.org/CRDImages/eg/original/DP351531.jpg,https://www.metmuseum.org/art/collection/search/543863,https://www.wikidata.org/wiki/Q116252474
met:543866,met,543866,Libation Dish Depicting Ka-Arms Presenting an Ankh-Sign,"Dish, libation",Egyptian Art,,Early Dynastic Period,Dynasty 1,ca. 3100–2900 B.C.,Greywacke,"Rogers Fund, 1919",1919,,From,Egypt,,,https://images.metmuseum.org/CRDImages/eg/original/DP249937.jpg,https://www.metmuseum.org/art/collection/search/543866,https://www.wikidata.org/wiki/Q29385725
met:543870,met,543870,Figure of a male beer-maker,"Statuette, male beer-maker",Egyptian Art,,Old Kingdom,Dynasty 5,ca. 2649–2100 B.C.,"Limestone, paint","Rogers Fund, 1920",1920,,From,Egypt,Memphite Region,Saqqara,https://images.metmuseum.org/CRDImages/eg/original/20.2.1.JPG,https://www.metmuseum.org/art/collection/search/543870,
met:543875,met,543875,Standing statue of Mitry's wife,"Statue, Merti's wife, standing, Mitry",Egyptian Art,,Old Kingdom,Dynasty 5,ca. 2381–2323 B.C. probably,"Acacia, gesso, paint","Rogers Fund, 1926",1926,Egyptian Antiquities Service excavations,From,Egypt,Memphite Region,Saqqara,https://images.metmuseum.org/CRDImages/eg/original/DP-45463-001.jpg,https://www.metmuseum.org/art/collection/search/543875,
met:543881,met,543881,Weight equal to five deben,"Weight, 5 deben",Egyptian Art,,Old Kingdom,Dynasty 5,ca. 2649–2100 B.C.,Yellow jasper or opal,"Gift of Edward S. Harkness, 1935",1935,,From,Egypt,,,https://images.metmuseum.org/CRDImages/eg/original/DT259187.jpg,https://www.metmuseum.org/art/collection/search/543881,
met:543890,met,543890,Relief fragment with king Khufu's cattle,"Relief, king Khufu's cattle",Egyptian Art,,Old Kingdom,Dynasty 4,ca. 2551–2528 B.C.,Limestone,"Rogers Fund and Edward S. Harkness Gift, 1922",1922,"MMA excavations, 1920–22",From,Egypt,Memphite Region,Lisht North,https://images.metmuseum.org/CRDImages/eg/original/DT244362.jpg,https://www.metmuseum.org/art/collection/search/543890,https://www.wikidata.org/wiki/Q116252355
met:543894,met,543894,Relief Fragment with a Ship Under Sail,"Relief, ship under sail",Egyptian Art,,Old Kingdom,Dynasty 4–5,ca. 2465–2458 B.C.,"Limestone, paint traces","Rogers Fund and Edward S. Harkness Gift, 1922",1922,"MMA excavations, 1920–22",From,Egypt,Memphite Region,Lisht North,https://images.metmuseum.org/CRDImages/eg/original/DT256967.jpg,https://www.metmuseum.org/art/collection/search/543894,https://www.wikidata.org/wiki/Q116252319
met:543895,met,543895,Archers,"Relief, archers",Egyptian Art,,Old Kingdom,Dynasty 4,ca. 2551–2494 B.C.,"Limestone, paint","Rogers Fund and Edward S. Harkness Gift, 1922",1922,,Probably originally from,,,Giza,https://images.metmuseum.org/CRDImages/eg/original/DT259178.jpg,https://www.metmuseum.org/art/collection/search/543895,https://www.wikidata.org/wiki/Q116252311
met:543896,met,543896,Fragmentary Face of King Khafre,"Head fragment, King Khafre",Egyptian Art,,Old Kingdom,Dynasty 4,ca. 2520–2494 B.C.,Travertine (Egyptian alabaster),"Purchase, Edward S. Harkness Gift, 1926",1926,,Probably from,,Memphite Region,Giza,https://images.metmuseum.org/CRDImages/eg/original/DT11751.jpg,https://www.metmuseum.org/art/collection/search/543896,https://www.wikidata.org/wiki/Q29385732
met:543897,met,543897,Sistrum Inscribed with the Names of King Teti,"Music, sistrum, Teti, papyrus, falcon",Egyptian Art,,Old Kingdom,Dynasty 6,ca. 2323–2291 B.C.,"Travertine (Egyptian alabaster), pigment, resin","Purchase, Edward S. Harkness Gift, 1926",1926,,Possibly from,,Memphite Region,Memphis (Mit Rahina),https://images.metmuseum.org/CRDImages/eg/original/DT259185.jpg,https://www.metmuseum.org/art/collection/search/543897,https://www.wikidata.org/wiki/Q116252313
met:543898,met,543898,Vase in the Shape of Mother Monkey with Her Young,"Vase, monkey, baby",Egyptian Art,,Old Kingdom,Dynasty 6,ca. 2255–2246 B.C.,"Travertine (Egyptian alabaster), paint, resin and pigment","Theodore M. Davis Collection, Bequest of Theodore M. Davis, 1915",1930,,From,Egypt,,,https://images.metmuseum.org/CRDImages/eg/original/DT8834.jpg,https://www.metmuseum.org/art/collection/search/543898,https://www.wikidata.org/wiki/Q116252308
met:543899,met,543899,The King's Acquaintances Memi and Sabu,"Statue, standing pair, Memi, Sabu",Egyptian Art,,Old Kingdom,Dynasty 4,ca. 2575–2465 B.C.,"Limestone, paint","Rogers Fund, 1948",1948,,Probably from,,Memphite Region,Giza,https://images.metmuseum.org/CRDImages/eg/original/DT8836.jpg,https://www.metmuseum.org/art/collection/search/543899,https://www.wikidata.org/wiki/Q29385735
met:543900,met,543900,Nikare as a scribe,"Statue, Nikare, scribe",Egyptian Art,,Old Kingdom,Dynasty 5,ca. 2420–2389 B.C. or later,"Granite, paint","Rogers Fund, 1948",1948,,From,Egypt,Memphite Region,Saqqara,https://images.metmuseum.org/CRDImages/eg/original/DP240451.jpg,https://www.metmuseum.org/art/collection/search/543900,https://www.wikidata.org/wiki/Q116252307
met:543901,met,543901,Nikare with his Wife and Daughter,"Statue group, Nikare, wife, daughter",Egyptian Art,,Old Kingdom,Dynasty 5,ca. 2420–2389 B.C. or later,"Limestone, paint","Rogers Fund, 1952",1952,,Probably from,,Memphite Region,Saqqara,https://images.metmuseum.org/CRDImages/eg/original/DT242488.jpg,https://www.metmuseum.org/art/collection/search/543901,https://www.wikidata.org/wiki/Q29385737
met:543902,met,543902,Statue of Demedji and Hennutsen,"Statue, seated pair, Demedji, Hennutsen",Egyptian Art,,Old Kingdom,Dynasty 5,ca. 2465–2438 B.C.,"Limestone, paint","Rogers Fund, 1951",1951,,Probably from,,Memphite Region,Giza or Saqqara,https://images.metmuseum.org/CRDImages/eg/original/DT521.jpg,https://www.metmuseum.org/art/collection/search/543902,https://www.wikidata.org/wiki/Q116252296
met:543903,met,543903,Striding Figure,"Statue, striding man",Egyptian Art,,Old Kingdom,Dynasty 4,ca. 2575–2465 B.C.,"Quartzite, paint","Harris Brisbane Dick Fund, 1962",1962,,Possibly from,,Southern Upper Egypt,Elkab,https://images.metmuseum.org/CRDImages/eg/original/DT206639.jpg,https://www.metmuseum.org/art/collection/search/543903,https://www.wikidata.org/wiki/Q29385739
met:543904,met,543904,Wall tiles from the funerary apartments of king Djoser,"Tile, apartments of King Djoser",Egyptian Art,,Old Kingdom,Dynasty 3,ca. 2630–2611 B.C.,faience,"Rogers Fund, by exchange, 1948",1948,,From,Egypt,Memphite Region,Saqqara,https://images.metmuseum.org/CRDImages/eg/original/DT258569.jpg,https://www.metmuseum.org/art/collection/search/543904,https://www.wikidata.org/wiki/Q116252293
met:543905,met,543905,Nursing woman,"Statuette, woman and child",Egyptian Art,,Old Kingdom,Dynasty 5,ca. 2420–2389 B.C. or later,"Limestone, paint traces","Purchase, Edward S. Harkness Gift, 1926",1926,,Probably from,,Memphite Region,Giza,https://images.metmuseum.org/CRDImages/eg/original/DT259182.jpg,https://www.metmuseum.org/art/collection/search/543905,https://www.wikidata.org/wiki/Q116252294
met:543906,met,543906,Kneeling captive,"Statue, kneeling captive",Egyptian Art,,Old Kingdom,Dynasty 6,ca. 2246–2152 B.C.,"Limestone, paint","Purchase, Louis V. Bell Fund, 1964",1964,,From,Egypt,Memphite Region,Saqqara,https://images.metmuseum.org/CRDImages/eg/original/LC-64_260_EGDP029712.jpg,https://www.metmuseum.org/art/collection/search/543906,https://www.wikidata.org/wiki/Q116413365
met:543907,met,543907,False door from the tomb of Metjetji,"False door, tomb of Metjetji",Egyptian Art,,Old Kingdom,Dynasty 5–6,ca. 2353–2323 B.C.,"Limestone, paint traces","Gift of Mr. and Mrs. J. J. Klejman, 1964",1964,,From,Egypt,Memphite Region,Saqqara,https://images.metmuseum.org/CRDImages/eg/original/DT204647.jpg,https://www.metmuseum.org/art/collection/search/543907,https://www.wikidata.org/wiki/Q116252289
met:543908,met,543908,Vase in the Shape of a Mother Monkey with Her Offspring,"Vase, monkey, baby",Egyptian Art,,Old Kingdom,Dynasty 6,ca. 2289–2255 B.C.,"Travertine (Egyptian alabaster), paint","Purchase, Joseph Pulitzer Bequest, Fletcher Fund, and other gifts, 1992",1992,,From,Egypt,,,https://images.metmuseum.org/CRDImages/eg/original/DT6931.jpg,https://www.metmuseum.org/art/collection/search/543908,https://www.wikidata.org/wiki/Q116252279
met:543909,met,543909,Reserve head,"Head, reserve",Egyptian Art,,Old Kingdom,Dynasty 4,ca. 2551–2528 B.C.,Limestone,"Rogers Fund, 1948",1948,"Harvard-Boston MFA excavations, 1936",From,Egypt,Memphite Region,Giza,https://images.metmuseum.org/CRDImages/eg/original/48.156(1).JPG,https://www.metmuseum.org/art/collection/search/543909,
met:543910,met,543910,Stand for an Offering Basin with the Name of King Khafre,"Offering stand, king Khafre",Egyptian Art,,Old Kingdom,Dynasty 4,ca. 2520–2494 B.C.,Gneiss,"Rogers Fund, 1907",1907,,Probably from,,Eastern Delta,Hurbeit (Pharbaethos),https://images.metmuseum.org/CRDImages/eg/original/2833.jpg,https://www.metmuseum.org/art/collection/search/543910,https://www.wikidata.org/wiki/Q116252277
met:543911,met,543911,Offering table,Offering table,Egyptian Art,,Middle Kingdom,Dynasty 12–13,ca. 1981–1640 B.C.,Limestone,"Rogers Fund, 1932",1932,"MMA excavations, 1930–31",From,Egypt,Memphite Region,Lisht North,,https://www.metmuseum.org/art/collection/search/543911,https://www.wikidata.org/wiki/Q116252275
met:543912,met,543912,Corner of niche from the tomb of Akhtihotep,"False Door Niche block, Akhtihotep, corner",Egyptian Art,,Old Kingdom,Dynasty 4,ca. 2575–2551 B.C.,"Limestone, paint","Funds from Various Donors, and by exchange, 1958",1958,,From,Egypt,Memphite Region,Saqqara,https://images.metmuseum.org/CRDImages/eg/original/58.123_01.jpg,https://www.metmuseum.org/art/collection/search/543912,https://www.wikidata.org/wiki/Q116252276
met:543913,met,543913,See 58.44.2a,"Relief, tomb of Akhtihotep",Egyptian Art,,Old Kingdom,Dynasty 4,ca. 2575–2551 B.C.,"Limestone, paint","Rogers Fund, 1958",1958,,Probably from,,,,https://images.metmuseum.org/CRDImages/eg/original/image-number-only.jpg,https://www.metmuseum.org/art/collection/search/543913,https://www.wikidata.org/wiki/Q116413366
met:543914,met,543914,West wall of the chapel of Nikauhor and Sekhemhathor,"Relief, Chapel of Nikauhor and Sekhemhathor",Egyptian Art,,Old Kingdom,Dynasty 5,ca. 2465–2389 B.C.,"Limestone, paint","Rogers Fund, 1908",1908,Egyptian Antiquities Service excavations,From,Egypt,Memphite Region,Saqqara,https://images.metmuseum.org/CRDImages/eg/original/08.201.2a–g_EGDP015503-EGDP015504.jpg,https://www.metmuseum.org/art/collection/search/543914,https://www.wikidata.org/wiki/Q116413369
met:543915,met,543915,Statue of Tjeteti as a young man,"Statue, Tjeteti, young man",Egyptian Art,,Old Kingdom,Dynasty 6,ca. 2200–2152 B.C.,Wood,"Rogers Fund, 1926",1926,Egyptian Antiquities Service excavations,From,Egypt,Memphite Region,Saqqara,https://images.metmuseum.org/CRDImages/eg/original/DP-16961-01.jpg,https://www.metmuseum.org/art/collection/search/543915,https://www.wikidata.org/wiki/Q116413370
met:543916,met,543916,Statue of Tjeteti in middle age,"Statue, Tjeteti, middle age",Egyptian Art,,Old Kingdom,Dynasty 6,ca. 2200–2152 B.C.,Wood,"Rogers Fund, 1926",1926,Egyptian Antiquities Service excavations,From,Egypt,Memphite Region,Saqqara,https://images.metmuseum.org/CRDImages/eg/original/DP-16962-01.jpg,https://www.metmuseum.org/art/collection/search/543916,https://www.wikidata.org/wiki/Q116413372
met:543917,met,543917,Mummified leg of beef case,Mummified leg of beef case,Egyptian Art,,Old Kingdom,"Dynasty 6, first half",ca. 2323–2255 B.C.,Limestone,"Rogers Fund, 1937",1937,"Harvard-Boston MFA excavations, 1912",From,Egypt,Memphite Region,Giza,https://images.metmuseum.org/CRDImages/eg/original/37.6.5 AB.JPG,https://www.metmuseum.org/art/collection/search/543917,https://www.wikidata.org/wiki/Q116235439
met:543918,met,543918,Mummified goose case,Mummified goose case,Egyptian Art,,Old Kingdom,"Dynasty 6, first half",ca. 2323–2255 B.C.,Limestone,"Rogers Fund, 1937",1937,"Harvard-Boston MFA excavations, 1912",From,Egypt,Memphite Region,Giza,,https://www.metmuseum.org/art/collection/search/543918,https://www.wikidata.org/wiki/Q116413375
met:543919,met,543919,Mummified duck case,Mummified duck case,Egyptian Art,,Old Kingdom,"Dynasty 6, first half",ca. 2323–2255 B.C.,Limestone,"Rogers Fund, 1937",1937,"Harvard-Boston MFA excavations, 1912",From,Egypt,Memphite Region,Giza,,https://www.metmuseum.org/art/collection/search/543919,https://www.wikidata.org/wiki/Q116413376
met:543920,met,543920,"Model of the ""Opening of the Mouth"" ritual equipment","Model, ""Opening of the Mouth"" ritual equipment",Egyptian Art,,Old Kingdom,Dynasty 5–6,ca. 2465–2150 B.C.,"Tray: limestone; vessels: Travertine, greywacke","Rogers Fund, 1907",1907,,From,Egypt,,,https://images.metmuseum.org/CRDImages/eg/original/DP112576.jpg,https://www.metmuseum.org/art/collection/search/543920,https://www.wikidata.org/wiki/Q116252247
met:543921,met,543921,Ewer,Ewer,Egyptian Art,,Old Kingdom,Dynasty 6,ca. 2323–2150 B.C.,Copper,"Rogers Fund, 1926",1926,"Egyptian Antiquities Service excavations, 1920–21",From,Egypt,Memphite Region,Saqqara,https://images.metmuseum.org/CRDImages/eg/original/DP112563.jpg,https://www.metmuseum.org/art/collection/search/543921,https://www.wikidata.org/wiki/Q116252244
met:543922,met,543922,Ewer,"Vessel, Ewer",Egyptian Art,,Old Kingdom,Dynasty 6,ca. 2649–2100 B.C.,Copper,"Rogers Fund, 1926",1926,"Egyptian Antiquities Service excavations, 1920–21",From,Egypt,Memphite Region,Saqqara,https://images.metmuseum.org/CRDImages/eg/original/26-2-15.jpg,https://www.metmuseum.org/art/collection/search/543922,
met:543923,met,543923,Basin,Basin,Egyptian Art,,Old Kingdom,Dynasty 6,ca. 2323–2150 B.C.,Copper,"Rogers Fund, 1926",1926,"Egyptian Antiquities Service excavations, 1920–21",From,Egypt,Memphite Region,Saqqara,https://images.metmuseum.org/CRDImages/eg/original/DP112563.jpg,https://www.metmuseum.org/art/collection/search/543923,https://www.wikidata.org/wiki/Q116252245
met:543924,met,543924,Basin,Basin,Egyptian Art,,Old Kingdom,,ca. 2323–2150 B.C.,Copper,"Rogers Fund, 1926",1926,"Egyptian Antiquities Service excavations, 1920–21",From,Egypt,Memphite Region,Saqqara,https://images.metmuseum.org/CRDImages/eg/original/26-2-13.jpg,https://www.metmuseum.org/art/collection/search/543924,
met:543925,met,543925,Wine or beer jar,"Jar, wine or beer",Egyptian Art,,Old Kingdom,Dynasty 6–8,ca. 2323–2100 BC,"Travertine (Egyptian alabaster), paint","Anonymous Gift, 1931",1931,,Said to be from,,Northern Upper Egypt,Abydos,,https://www.metmuseum.org/art/collection/search/543925,https://www.wikidata.org/wiki/Q116413377
met:543926,met,543926,Wine or beer jar,"Jar, wine or beer",Egyptian Art,,Old Kingdom,Dynasty 6,ca. 2649–2100 B.C.,Travertine (Egyptian alabaster),"Rogers Fund, 1944",1944,,From,Egypt,,,,https://www.metmuseum.org/art/collection/search/543926,https://www.wikidata.org/wiki/Q116413379
met:543927,met,543927,Jar,Jar,Egyptian Art,,Old Kingdom,Dynasty 6-8,ca. 2323–2150 B.C.,Travertine (Egyptian alabaster),"Rogers Fund, 1907",1907,,From,Egypt,,,,https://www.metmuseum.org/art/collection/search/543927,https://www.wikidata.org/wiki/Q116252243
met:543928,met,543928,"Miniature ""nw"" pot","Pot, ""nw"" pot, miniature",Egyptian Art,,Old Kingdom,Dynasty 4-6,ca. 2465–2150 B.C.,Gneiss,"Rogers Fund, 1907",1907,,From,Egypt,,,https://images.metmuseum.org/CRDImages/eg/original/LC-07_228_92_EGDP033556.jpg,https://www.metmuseum.org/art/collection/search/543928,https://www.wikidata.org/wiki/Q116413380
met:781871,met,781871,Persian Travelogue: A Diary of a Journey through the region of Fars,Persian Travelogue,Ancient West Asian Art,Qajar,,,1838 CE,"Black ink on paper; blue velvet binding with a flap, tight back case binding sewn onto two cotton/hemp cords (laced in), with marbled paper doublures","Purchase, Friends of Ancient Near Eastern Art and The Ishtar Society Gifts, 2019",2019,,,,Iran,,https://images.metmuseum.org/CRDImages/an/original/TR_18774E.jpg,https://www.metmuseum.org/art/collection/search/781871,
met:820847,met,820847,Orthostates,,Ancient West Asian Art,,,,2017-ongoing,32 charcoal on paper drawings,"Purchase, Henrie Jo Barth Bequest and Josephine Lois Berger-Nadler Endowment Fund, 2019",2019,,,,,,,https://www.metmuseum.org/art/collection/search/820847,
met:891607,met,891607,Urn with Assyrian scenes,Urn,Ancient West Asian Art,French,Victorian,,1851,"Slate, bronze","Henrietta and Christopher McCall Collection, Purchase, Henrie Jo Barth Bequest, and Museum Acquisitions and Josephine Lois Berger-Nadler Endowment Funds, 2023",2023,,,,,,https://images.metmuseum.org/CRDImages/an/original/DP-33307-001.jpg,https://www.metmuseum.org/art/collection/search/891607,
met:918237,met,918237,Human-headed winged bulls,Winged bull,Ancient West Asian Art,British,Victorian,,1850–1900,Bronze,"Henrietta and Christopher McCall Collection, Purchase, Henrie Jo Barth Bequest, and Museum Acquisitions and Josephine Lois Berger-Nadler Endowment Funds, 2023",2023,,,,,,https://images.metmuseum.org/CRDImages/an/original/DP-33300-001.jpg,https://www.metmuseum.org/art/collection/search/918237,
met:969159,met,969159,Drone Hits Great Ziggurat of Ur,"Drawing, ""Drone Hits Great Ziggurat of Ur""",Ancient West Asian Art,,Modern,,2016,"pencil, ink and watercolor on paper","Museum Acquisitions Fund, 2025",2025,,,,,,,https://www.metmuseum.org/art/collection/search/969159,
met:910742,met,910742,Drone Hits Great Ziggurat of Ur,"Time-Based Media; Video; Animation; Drawings; ""Drone Hits Great Ziggurat of Ur""",Ancient West Asian Art,,Modern,,2016,"Digital video installation, color, sound, 3min., 37sec.; pencil, ink and watercolor on paper","Museum Acquisitions Fund, 2025",2025,,,,,,,https://www.metmuseum.org/art/collection/search/910742,
